TIMESTAMP,DELAY,ACCURACY,CURRENT,REWARD,ACTION_NUMBER,ACTION_NAME,TASKS
1670266752.7891238,0.00904583931,0.27,3022.0,98.41049524444713,20,"(('efficientnet-b0', 'edge'), ('nvidia/segformer-b1-finetuned-ade-512-512', 'edge'))",[1. 0.]
1670266796.5875323,2.95097452,0.53,3023.0,7.935752417984717e-05,25,"(('efficientnet-b0', 'gpu'), ('nvidia/segformer-b1-finetuned-ade-512-512', 'edge'))",[1. 0.]
1670266808.3570218,0.00222766399,0.665,3023.0,96.69384686576588,20,"(('efficientnet-b0', 'edge'), ('nvidia/segformer-b1-finetuned-ade-512-512', 'edge'))",[1. 0.]
1670266834.2693346,0.0588285327,0.505,3024.0,96.62776265508477,13,"(('efficientnet-b0', 'gpu'), ('nvidia/segformer-b1-finetuned-ade-512-512', 'cpu'))",[1. 0.]
1670266866.8806987,0.0039704442,0.8,3024.0,95.66627425656766,23,"(('efficientnet-b4', 'edge'), ('nvidia/segformer-b0-finetuned-ade-512-512', 'edge'))",[1. 0.]
1670266893.822049,0.17693954705949708,0.535,3025.0,92.99390860363725,13,"(('efficientnet-b0', 'gpu'), ('nvidia/segformer-b1-finetuned-ade-512-512', 'cpu'))",[1. 0.]
1670266927.9661293,0.120594621,0.7350000000000001,3025.0,92.57951568970158,10,"(('efficientnet-b4', 'gpu'), ('nvidia/segformer-b1-finetuned-ade-512-512', 'edge'))",[1. 0.]
1670266954.4039853,0.16146791010827638,0.315,3026.0,95.76175564448558,2,"(('efficientnet-b0', 'edge'), ('nvidia/segformer-b0-finetuned-ade-512-512', 'edge'))",[1. 0.]
1670266987.492207,0.0641302466,0.22,3026.0,97.99984311835576,1,"(('efficientnet-b0', 'gpu'), ('nvidia/segformer-b0-finetuned-ade-512-512', 'gpu'))",[1. 0.]
1670267013.8624525,0.00560498238,0.33,3027.0,98.23986621053673,14,"(('efficientnet-b0', 'edge'), ('nvidia/segformer-b1-finetuned-ade-512-512', 'gpu'))",[1. 0.]
1670267046.4612722,0.00908577442,0.45,3027.0,97.7271337098493,17,"(('efficientnet-b4', 'edge'), ('nvidia/segformer-b0-finetuned-ade-512-512', 'gpu'))",[1. 0.]
1670267079.6762097,0.1686452627165088,0.405,3028.0,94.74948893427614,1,"(('efficientnet-b0', 'gpu'), ('nvidia/segformer-b0-finetuned-ade-512-512', 'gpu'))",[1. 0.]
1670267105.9737418,0.00817656517,0.37,3028.0,98.065379513097,11,"(('efficientnet-b4', 'edge'), ('nvidia/segformer-b0-finetuned-ade-512-512', 'cpu'))",[1. 0.]
1670267139.0159926,0.17037010192842286,0.625,3029.0,91.99518079373456,10,"(('efficientnet-b4', 'gpu'), ('nvidia/segformer-b1-finetuned-ade-512-512', 'edge'))",[0. 1.]
1670267165.8463504,0.17868006229665528,0.195,3029.0,96.27389112481094,33,"(('efficientnet-b4', 'cpu'), ('nvidia/segformer-b0-finetuned-ade-512-512', 'edge'))",[0. 1.]
1670267235.9583795,0.00461304188,0.635,3031.0,96.81545019897585,8,"(('efficientnet-b0', 'edge'), ('nvidia/segformer-b1-finetuned-ade-512-512', 'cpu'))",[0. 1.]
1670267241.5514708,0.00398656726,0.31,3031.0,98.318051177758,2,"(('efficientnet-b0', 'edge'), ('nvidia/segformer-b0-finetuned-ade-512-512', 'edge'))",[0. 1.]
1670267284.0658145,0.0066117,0.175,3033.0,98.68845816495305,11,"(('efficientnet-b4', 'edge'), ('nvidia/segformer-b0-finetuned-ade-512-512', 'cpu'))",[0. 1.]
1670267293.0423656,0.20710355,0.245,3033.0,95.1561689679967,27,"(('efficientnet-b4', 'cpu'), ('nvidia/segformer-b0-finetuned-ade-512-512', 'gpu'))",[0. 1.]
1670267318.7588575,0.0104651451,0.455,3033.0,97.67436021218128,10,"(('efficientnet-b4', 'gpu'), ('nvidia/segformer-b1-finetuned-ade-512-512', 'edge'))",[0. 1.]
1670267345.543501,0.164703369129541,0.35,3034.0,95.3529160668517,28,"(('efficientnet-b4', 'gpu'), ('nvidia/segformer-b0-finetuned-ade-512-512', 'edge'))",[0. 1.]
1670267401.8868375,0.213093936,0.52,3035.0,91.60717201720782,31,"(('efficientnet-b0', 'gpu'), ('nvidia/segformer-b0-finetuned-ade-512-512', 'cpu'))",[0. 1.]
1670267411.152286,0.221423686,0.48,3036.0,91.8286032103042,4,"(('efficientnet-b4', 'gpu'), ('nvidia/segformer-b1-finetuned-ade-512-512', 'gpu'))",[0. 1.]
1670267437.5731213,0.00411474705,0.085,3036.0,98.91549002952412,2,"(('efficientnet-b0', 'edge'), ('nvidia/segformer-b0-finetuned-ade-512-512', 'edge'))",[0. 1.]
1670267465.0811238,0.232839465,0.675,3037.0,87.65242653053865,9,"(('efficientnet-b4', 'cpu'), ('nvidia/segformer-b1-finetuned-ade-512-512', 'gpu'))",[0. 1.]
1670267510.3166225,0.213093936,0.395,3038.0,93.32378216524525,31,"(('efficientnet-b0', 'gpu'), ('nvidia/segformer-b0-finetuned-ade-512-512', 'cpu'))",[0.5 0.5]
1670267530.980666,0.00540584326,0.27,3038.0,98.42284740021987,32,"(('efficientnet-b0', 'edge'), ('nvidia/segformer-b0-finetuned-ade-512-512', 'gpu'))",[1. 0.]
1670267619.4539204,0.22765708,0.815,3041.0,84.65163904530193,9,"(('efficientnet-b4', 'cpu'), ('nvidia/segformer-b1-finetuned-ade-512-512', 'gpu'))",[1. 0.]
1670267646.0359232,2.999981213951498,0.4549999999999999,3042.0,6.758604183750372e-05,0,"(('efficientnet-b0', 'cpu'), ('nvidia/segformer-b0-finetuned-ade-512-512', 'cpu'))",[1. 0.]
1670267672.000321,0.01026785,0.425,3043.0,97.79065305901213,12,"(('efficientnet-b0', 'cpu'), ('nvidia/segformer-b0-finetuned-ade-512-512', 'edge'))",[1. 0.]
1670267678.466761,0.00913119316,0.72,3043.0,96.10950556795065,17,"(('efficientnet-b4', 'edge'), ('nvidia/segformer-b0-finetuned-ade-512-512', 'gpu'))",[1. 0.]
1670267685.1046011,0.048818349837246096,0.64,3043.0,95.8066374274066,35,"(('efficientnet-b4', 'edge'), ('nvidia/segformer-b1-finetuned-ade-512-512', 'gpu'))",[1. 0.]
1670267712.222383,0.057264685627167966,0.3,3044.0,97.71855278502512,20,"(('efficientnet-b0', 'edge'), ('nvidia/segformer-b1-finetuned-ade-512-512', 'edge'))",[1. 0.]
1670267801.5349984,0.00967699289,0.1699999999999999,3047.0,98.6615709092698,33,"(('efficientnet-b4', 'cpu'), ('nvidia/segformer-b0-finetuned-ade-512-512', 'edge'))",[1. 0.]
1670267828.476195,0.00980014,0.3399999999999999,3048.0,98.12675982359764,30,"(('efficientnet-b0', 'cpu'), ('nvidia/segformer-b1-finetuned-ade-512-512', 'edge'))",[1. 0.]
1670267897.920896,2.9997352880408164,0.755,3051.0,3.68572099359009e-05,3,"(('efficientnet-b4', 'cpu'), ('nvidia/segformer-b1-finetuned-ade-512-512', 'cpu'))",[1. 0.]
1670267905.9144995,0.152360559,0.725,3051.0,91.1381363824843,10,"(('efficientnet-b4', 'gpu'), ('nvidia/segformer-b1-finetuned-ade-512-512', 'edge'))",[1. 0.]
1670267932.4294307,0.2971676592960205,0.4649999999999999,3052.0,87.8777824971088,24,"(('efficientnet-b0', 'cpu'), ('nvidia/segformer-b1-finetuned-ade-512-512', 'gpu'))",[1. 0.]
1670267966.312533,0.266793847,0.575,3053.0,87.46024551034452,16,"(('efficientnet-b4', 'gpu'), ('nvidia/segformer-b0-finetuned-ade-512-512', 'cpu'))",[0. 1.]
1670267995.904421,0.05865145,0.5800000000000001,3055.0,96.00514939994822,31,"(('efficientnet-b0', 'gpu'), ('nvidia/segformer-b0-finetuned-ade-512-512', 'cpu'))",[0. 1.]
1670268000.484828,0.213409841,0.35,3055.0,93.76635752974177,32,"(('efficientnet-b0', 'edge'), ('nvidia/segformer-b0-finetuned-ade-512-512', 'gpu'))",[0. 1.]
1670268007.578887,0.152866721,0.655,3055.0,92.15867519754688,22,"(('efficientnet-b4', 'gpu'), ('nvidia/segformer-b0-finetuned-ade-512-512', 'gpu'))",[0. 1.]
1670268014.320184,0.2188465,0.64,3055.0,89.07305723154342,24,"(('efficientnet-b0', 'cpu'), ('nvidia/segformer-b1-finetuned-ade-512-512', 'gpu'))",[0. 1.]
1670268041.6310935,0.219793379,0.86,3056.0,83.91172366360861,4,"(('efficientnet-b4', 'gpu'), ('nvidia/segformer-b1-finetuned-ade-512-512', 'gpu'))",[0. 1.]
1670268069.689245,0.0096501112,0.7,3056.0,96.20404038732137,30,"(('efficientnet-b0', 'cpu'), ('nvidia/segformer-b1-finetuned-ade-512-512', 'edge'))",[0. 1.]
1670268102.5438972,0.17180192470708008,0.77,3057.0,89.27126183458401,27,"(('efficientnet-b4', 'cpu'), ('nvidia/segformer-b0-finetuned-ade-512-512', 'gpu'))",[0. 1.]
1670268129.2793016,0.181887031,0.1,3057.0,96.76495805524307,32,"(('efficientnet-b0', 'edge'), ('nvidia/segformer-b0-finetuned-ade-512-512', 'gpu'))",[0. 1.]
1670268163.7136226,0.0107024908,0.6950000000000001,3058.0,96.21114269126082,10,"(('efficientnet-b4', 'gpu'), ('nvidia/segformer-b1-finetuned-ade-512-512', 'edge'))",[0. 1.]
1670268190.910918,0.21446621417341308,0.255,3058.0,94.74444881074898,1,"(('efficientnet-b0', 'gpu'), ('nvidia/segformer-b0-finetuned-ade-512-512', 'gpu'))",[0. 1.]
1670268224.3790493,0.16798383,0.0849999999999999,3059.0,97.09687967508624,1,"(('efficientnet-b0', 'gpu'), ('nvidia/segformer-b0-finetuned-ade-512-512', 'gpu'))",[0. 1.]
1670268252.7063766,0.0125998259,0.295,3059.0,98.2402203958692,28,"(('efficientnet-b4', 'gpu'), ('nvidia/segformer-b0-finetuned-ade-512-512', 'edge'))",[0.5 0.5]
1670268285.0045688,0.00817275047,0.47,3060.0,97.5823957114501,17,"(('efficientnet-b4', 'edge'), ('nvidia/segformer-b0-finetuned-ade-512-512', 'gpu'))",[1. 0.]
1670268333.5240836,0.0723967552154834,0.405,3061.0,96.89828436725539,24,"(('efficientnet-b0', 'cpu'), ('nvidia/segformer-b1-finetuned-ade-512-512', 'gpu'))",[1. 0.]
1670268340.9799798,0.00914567709,0.48,3061.0,97.51858229157021,17,"(('efficientnet-b4', 'edge'), ('nvidia/segformer-b0-finetuned-ade-512-512', 'gpu'))",[1. 0.]
1670268395.1527967,0.057154119015048827,0.19,3063.0,98.13195956247756,6,"(('efficientnet-b0', 'cpu'), ('nvidia/segformer-b0-finetuned-ade-512-512', 'gpu'))",[1. 0.]
1670268404.3812084,0.00550925732,0.235,3063.0,98.4951176864781,32,"(('efficientnet-b0', 'edge'), ('nvidia/segformer-b0-finetuned-ade-512-512', 'gpu'))",[1. 0.]
1670268431.6813617,0.067001164,0.505,3063.0,96.34676535101765,13,"(('efficientnet-b0', 'gpu'), ('nvidia/segformer-b1-finetuned-ade-512-512', 'cpu'))",[1. 0.]
1670268465.3349743,0.154571176,0.88,3064.0,88.03818559936609,34,"(('efficientnet-b4', 'gpu'), ('nvidia/segformer-b1-finetuned-ade-512-512', 'cpu'))",[1. 0.]
1670268492.6523457,0.0783503652,0.37,3064.0,96.99206702893868,25,"(('efficientnet-b0', 'gpu'), ('nvidia/segformer-b1-finetuned-ade-512-512', 'edge'))",[1. 0.]
1670268546.7980528,0.14142447713847656,0.45,3066.0,94.94630694440062,18,"(('efficientnet-b0', 'cpu'), ('nvidia/segformer-b1-finetuned-ade-512-512', 'cpu'))",[1. 0.]
1670268549.3501189,0.0056411624,0.6950000000000001,3066.0,96.29556729293631,14,"(('efficientnet-b0', 'edge'), ('nvidia/segformer-b1-finetuned-ade-512-512', 'gpu'))",[1. 0.]
1670268583.4173772,0.00566923618,0.53,3066.0,97.30833244935232,32,"(('efficientnet-b0', 'edge'), ('nvidia/segformer-b0-finetuned-ade-512-512', 'gpu'))",[1. 0.]
1670268612.609816,0.137952089,0.55,3067.0,94.00913996662834,34,"(('efficientnet-b4', 'gpu'), ('nvidia/segformer-b1-finetuned-ade-512-512', 'cpu'))",[1. 0.]
1670268671.2204175,0.266793847,0.425,3068.0,90.2844444816102,16,"(('efficientnet-b4', 'gpu'), ('nvidia/segformer-b0-finetuned-ade-512-512', 'cpu'))",[0. 1.]
1670268721.6247416,2.9998189579742562,0.8,3070.0,3.31163637889343e-05,3,"(('efficientnet-b4', 'cpu'), ('nvidia/segformer-b1-finetuned-ade-512-512', 'cpu'))",[0. 1.]
1670268730.5992527,0.00980460644,0.4449999999999999,3070.0,97.6556360199066,30,"(('efficientnet-b0', 'cpu'), ('nvidia/segformer-b1-finetuned-ade-512-512', 'edge'))",[0. 1.]
1670268737.6038494,0.050942778589658205,0.515,3071.0,96.5833130590776,19,"(('efficientnet-b0', 'gpu'), ('nvidia/segformer-b1-finetuned-ade-512-512', 'gpu'))",[0. 1.]
1670268807.5518508,2.999881190243148,0.635,3073.0,4.5926638910576504e-05,18,"(('efficientnet-b0', 'cpu'), ('nvidia/segformer-b1-finetuned-ade-512-512', 'cpu'))",[0. 1.]
1670268844.8941145,2.9998721844918728,0.535,3074.0,5.604918928109517e-05,21,"(('efficientnet-b4', 'cpu'), ('nvidia/segformer-b0-finetuned-ade-512-512', 'cpu'))",[0. 1.]
1670268850.2491677,0.0105566382,0.09,3075.0,98.82324617941839,7,"(('efficientnet-b0', 'gpu'), ('nvidia/segformer-b0-finetuned-ade-512-512', 'edge'))",[0. 1.]
1670268857.5350728,0.197758794,0.505,3075.0,92.25393724475963,27,"(('efficientnet-b4', 'cpu'), ('nvidia/segformer-b0-finetuned-ade-512-512', 'gpu'))",[0. 1.]
1670268884.6452217,0.241533399,0.275,3075.0,93.55179021536065,24,"(('efficientnet-b0', 'cpu'), ('nvidia/segformer-b1-finetuned-ade-512-512', 'gpu'))",[0. 1.]
1670268913.5877204,0.180307448,0.37,3076.0,94.53806167055716,32,"(('efficientnet-b0', 'edge'), ('nvidia/segformer-b0-finetuned-ade-512-512', 'gpu'))",[0. 1.]
1670268971.731825,0.0963172913,0.09,3077.0,98.04353082590985,31,"(('efficientnet-b0', 'gpu'), ('nvidia/segformer-b0-finetuned-ade-512-512', 'cpu'))",[0. 1.]
1670268980.7056797,0.17727226,0.5700000000000001,3078.0,92.18441156604626,1,"(('efficientnet-b0', 'gpu'), ('nvidia/segformer-b0-finetuned-ade-512-512', 'gpu'))",[0. 1.]
1670269007.0725791,0.114689708,0.54,3078.0,94.80027267974779,32,"(('efficientnet-b0', 'edge'), ('nvidia/segformer-b0-finetuned-ade-512-512', 'gpu'))",[0.5 0.5]
1670269033.9910874,0.17528218,0.525,3078.0,92.88800197996203,7,"(('efficientnet-b0', 'gpu'), ('nvidia/segformer-b0-finetuned-ade-512-512', 'edge'))",[1. 0.]
1670269068.4627392,0.00330412388,0.7649999999999999,3079.0,95.77349286748506,5,"(('efficientnet-b4', 'edge'), ('nvidia/segformer-b1-finetuned-ade-512-512', 'edge'))",[1. 0.]
1670269095.894027,0.16280972957763185,0.48,3079.0,93.89790777884276,23,"(('efficientnet-b4', 'edge'), ('nvidia/segformer-b0-finetuned-ade-512-512', 'edge'))",[1. 0.]
1670269122.2812638,0.04475742578409668,0.465,3080.0,96.98518762052487,25,"(('efficientnet-b0', 'gpu'), ('nvidia/segformer-b1-finetuned-ade-512-512', 'edge'))",[1. 0.]
1670269180.4188766,0.12319827075947265,0.355,3081.0,96.1561761075399,24,"(('efficientnet-b0', 'cpu'), ('nvidia/segformer-b1-finetuned-ade-512-512', 'gpu'))",[1. 0.]
1670269186.371469,0.0878938437,0.415,3081.0,96.4815545601754,13,"(('efficientnet-b0', 'gpu'), ('nvidia/segformer-b1-finetuned-ade-512-512', 'cpu'))",[1. 0.]
1670269216.86065,0.145909965,0.435,3082.0,94.89410725715493,22,"(('efficientnet-b4', 'gpu'), ('nvidia/segformer-b0-finetuned-ade-512-512', 'gpu'))",[1. 0.]
1670269247.5482264,0.0963172913,0.275,3082.0,97.18025840204125,31,"(('efficientnet-b0', 'gpu'), ('nvidia/segformer-b0-finetuned-ade-512-512', 'cpu'))",[1. 0.]
1670269351.5970874,0.00967699289,0.4599999999999999,3086.0,97.55479646130193,33,"(('efficientnet-b4', 'cpu'), ('nvidia/segformer-b0-finetuned-ade-512-512', 'edge'))",[1. 0.]
1670269360.7989194,0.00244176388,0.49,3086.0,97.51491201043127,20,"(('efficientnet-b0', 'edge'), ('nvidia/segformer-b1-finetuned-ade-512-512', 'edge'))",[1. 0.]
1670269367.4764109,0.00373926759,0.78,3086.0,95.61404452645839,5,"(('efficientnet-b4', 'edge'), ('nvidia/segformer-b1-finetuned-ade-512-512', 'edge'))",[1. 0.]
1670269374.1958249,0.0715793669247168,0.37,3086.0,97.05414987026091,20,"(('efficientnet-b0', 'edge'), ('nvidia/segformer-b1-finetuned-ade-512-512', 'edge'))",[1. 0.]
1670269442.6816392,2.9999315955722325,0.635,3088.0,4.531777832454931e-05,3,"(('efficientnet-b4', 'cpu'), ('nvidia/segformer-b1-finetuned-ade-512-512', 'cpu'))",[0. 1.]
1670232518.1423318,0.0869042873,0.495,3303.0,95.09315793542365,25,"(('efficientnet-b0', 'gpu'), ('nvidia/segformer-b1-finetuned-ade-512-512', 'edge'))",[1. 0.]
1670232527.2726371,0.19629401,0.525,3334.0,90.21134905299995,22,"(('efficientnet-b4', 'gpu'), ('nvidia/segformer-b0-finetuned-ade-512-512', 'gpu'))",[1. 0.]
1670232557.728013,0.00330391526,0.46,3095.0,97.62630287917995,23,"(('efficientnet-b4', 'edge'), ('nvidia/segformer-b0-finetuned-ade-512-512', 'edge'))",[1. 0.]
1670232625.4601858,0.239488542,0.6499999999999999,3435.0,83.53375554278986,9,"(('efficientnet-b4', 'cpu'), ('nvidia/segformer-b1-finetuned-ade-512-512', 'gpu'))",[1. 0.]
1670232668.362145,0.16123965703979493,0.675,3691.0,86.06648424936976,15,"(('efficientnet-b4', 'cpu'), ('nvidia/segformer-b1-finetuned-ade-512-512', 'edge'))",[1. 0.]
1670232671.4289742,0.00560498,0.2,3684.0,97.61240486830236,14,"(('efficientnet-b0', 'edge'), ('nvidia/segformer-b1-finetuned-ade-512-512', 'gpu'))",[1. 0.]
1670232678.615524,0.171361804,0.2,3671.0,93.86289113363222,32,"(('efficientnet-b0', 'edge'), ('nvidia/segformer-b0-finetuned-ade-512-512', 'gpu'))",[1. 0.]
1670232719.289596,0.0106714368,0.5549999999999999,3615.0,95.39252046773149,30,"(('efficientnet-b0', 'cpu'), ('nvidia/segformer-b1-finetuned-ade-512-512', 'edge'))",[1. 0.]
1670232735.5252995,0.00916821,0.64,3564.0,94.8518872011114,17,"(('efficientnet-b4', 'edge'), ('nvidia/segformer-b0-finetuned-ade-512-512', 'gpu'))",[1. 0.]
1670232768.0395522,0.00879449,0.55,3467.0,96.008526477016,35,"(('efficientnet-b4', 'edge'), ('nvidia/segformer-b1-finetuned-ade-512-512', 'gpu'))",[1. 0.]
1670232794.3372388,0.12391382691284179,0.205,3397.0,96.23277043951354,22,"(('efficientnet-b4', 'gpu'), ('nvidia/segformer-b0-finetuned-ade-512-512', 'gpu'))",[1. 0.]
1670232827.4329996,0.10436696161865235,0.895,3339.0,88.3720705097552,10,"(('efficientnet-b4', 'gpu'), ('nvidia/segformer-b1-finetuned-ade-512-512', 'edge'))",[1. 0.]
1670233167.0845995,0.00909519,0.65,3000.0,96.72184746397305,17,"(('efficientnet-b4', 'edge'), ('nvidia/segformer-b0-finetuned-ade-512-512', 'gpu'))",[1. 0.]
1670233213.078484,0.2746692281323242,0.2249999999999999,3093.0,92.82588084300882,33,"(('efficientnet-b4', 'cpu'), ('nvidia/segformer-b0-finetuned-ade-512-512', 'edge'))",[1. 0.]
1670233216.6856987,0.08714484972900391,0.45,3094.0,96.21129396332687,25,"(('efficientnet-b0', 'gpu'), ('nvidia/segformer-b1-finetuned-ade-512-512', 'edge'))",[1. 0.]
1670233222.856001,0.12562197,0.7250000000000001,3098.0,92.05747023285082,34,"(('efficientnet-b4', 'gpu'), ('nvidia/segformer-b1-finetuned-ade-512-512', 'cpu'))",[1. 0.]
1670233229.6152508,0.1136690381274414,0.405,3098.0,95.93750165481462,20,"(('efficientnet-b0', 'edge'), ('nvidia/segformer-b1-finetuned-ade-512-512', 'edge'))",[1. 0.]
1670233236.208318,0.1186049,0.665,3099.0,93.15925674680042,34,"(('efficientnet-b4', 'gpu'), ('nvidia/segformer-b1-finetuned-ade-512-512', 'cpu'))",[1. 0.]
1670233242.818992,0.00237691,0.43,3097.0,97.76979276161006,2,"(('efficientnet-b0', 'edge'), ('nvidia/segformer-b0-finetuned-ade-512-512', 'edge'))",[1. 0.]
1670233249.4179344,0.00227898,0.695,3095.0,96.2775311731172,20,"(('efficientnet-b0', 'edge'), ('nvidia/segformer-b1-finetuned-ade-512-512', 'edge'))",[1. 0.]
1670233256.515981,0.05865145,0.51,3095.0,96.38971587233196,31,"(('efficientnet-b0', 'gpu'), ('nvidia/segformer-b0-finetuned-ade-512-512', 'cpu'))",[1. 0.]
1670233262.9801638,0.10780531,0.535,3096.0,94.97324375997593,22,"(('efficientnet-b4', 'gpu'), ('nvidia/segformer-b0-finetuned-ade-512-512', 'gpu'))",[1. 0.]
1670233270.2643812,0.05414701,0.09,3097.0,98.44787238424648,31,"(('efficientnet-b0', 'gpu'), ('nvidia/segformer-b0-finetuned-ade-512-512', 'cpu'))",[1. 0.]
1670233276.667729,0.12429732,0.79,3098.0,91.11800413175585,34,"(('efficientnet-b4', 'gpu'), ('nvidia/segformer-b1-finetuned-ade-512-512', 'cpu'))",[1. 0.]
1670233282.851679,0.05888516,0.31,3098.0,97.54120157493783,25,"(('efficientnet-b0', 'gpu'), ('nvidia/segformer-b1-finetuned-ade-512-512', 'edge'))",[1. 0.]
1670233290.076943,0.5,0.4049999999999999,89.94887805,94.02323190424066,7,"(('efficientnet-b0', 'gpu'), ('nvidia/segformer-b0-finetuned-ade-512-512', 'edge'))",[0.5 0.5]
1670233297.9267118,0.09792930176940917,0.55,3105.0,95.07457152537886,4,"(('efficientnet-b4', 'gpu'), ('nvidia/segformer-b1-finetuned-ade-512-512', 'gpu'))",[0. 1.]
1670233309.8626366,0.01064247,0.39,3104.0,97.82220954395424,7,"(('efficientnet-b0', 'gpu'), ('nvidia/segformer-b0-finetuned-ade-512-512', 'edge'))",[0. 1.]
1670233365.7735608,2.999877547827101,0.8300000000000001,3143.0,2.9259308813822616e-05,3,"(('efficientnet-b4', 'cpu'), ('nvidia/segformer-b1-finetuned-ade-512-512', 'cpu'))",[0. 1.]
1670233395.4962008,0.154571176,0.65,3191.0,91.25851661768516,34,"(('efficientnet-b4', 'gpu'), ('nvidia/segformer-b1-finetuned-ade-512-512', 'cpu'))",[0. 1.]
1670233426.6350522,2.999915153589493,0.595,3236.0,4.316812752653101e-05,18,"(('efficientnet-b0', 'cpu'), ('nvidia/segformer-b1-finetuned-ade-512-512', 'cpu'))",[0. 1.]
1670233449.8210073,2.999881812427231,0.325,3264.0,7.230941656904638e-05,0,"(('efficientnet-b0', 'cpu'), ('nvidia/segformer-b0-finetuned-ade-512-512', 'cpu'))",[0. 1.]
1670233460.7668662,0.01035559,0.835,3261.0,94.1587665028072,15,"(('efficientnet-b4', 'cpu'), ('nvidia/segformer-b1-finetuned-ade-512-512', 'edge'))",[0. 1.]
1670233487.3590648,0.01066399,0.58,3247.0,96.44412920502404,10,"(('efficientnet-b4', 'gpu'), ('nvidia/segformer-b1-finetuned-ade-512-512', 'edge'))",[0. 1.]
1670233517.8024566,0.06355106653198242,0.49,3238.0,95.97231313919642,19,"(('efficientnet-b0', 'gpu'), ('nvidia/segformer-b1-finetuned-ade-512-512', 'gpu'))",[0. 1.]
1670233548.8716347,0.3046505489141846,0.72,3230.0,78.09527418944874,14,"(('efficientnet-b0', 'edge'), ('nvidia/segformer-b1-finetuned-ade-512-512', 'gpu'))",[0. 1.]
1670233580.4098566,0.17724735,0.53,3219.0,91.87297174184299,27,"(('efficientnet-b4', 'cpu'), ('nvidia/segformer-b0-finetuned-ade-512-512', 'gpu'))",[0. 1.]
1670233625.5562613,0.0963172913,0.235,3232.0,97.03871738426464,31,"(('efficientnet-b0', 'gpu'), ('nvidia/segformer-b0-finetuned-ade-512-512', 'cpu'))",[0. 1.]
1670233638.2245593,0.00958377,0.345,3227.0,97.79950355770606,12,"(('efficientnet-b0', 'cpu'), ('nvidia/segformer-b0-finetuned-ade-512-512', 'edge'))",[0. 1.]
1670233697.407521,0.154571176,0.635,3250.0,91.08706385919292,34,"(('efficientnet-b4', 'gpu'), ('nvidia/segformer-b1-finetuned-ade-512-512', 'cpu'))",[0. 1.]
1670233704.8545015,0.01084322,0.335,3250.0,97.78318209910083,12,"(('efficientnet-b0', 'cpu'), ('nvidia/segformer-b0-finetuned-ade-512-512', 'edge'))",[0. 1.]
1670233730.3697352,0.17079902,0.415,3241.0,93.55214278849347,22,"(('efficientnet-b4', 'gpu'), ('nvidia/segformer-b0-finetuned-ade-512-512', 'gpu'))",[0. 1.]
1670233760.9048135,0.00411654,0.3299999999999999,3231.0,97.92361966532299,20,"(('efficientnet-b0', 'edge'), ('nvidia/segformer-b1-finetuned-ade-512-512', 'edge'))",[0. 1.]
1670233792.9370613,0.16428167,0.38,3222.0,94.26972700338075,17,"(('efficientnet-b4', 'edge'), ('nvidia/segformer-b0-finetuned-ade-512-512', 'gpu'))",[0. 1.]
1670233821.188691,0.21520841,0.545,3216.0,89.75279228089968,19,"(('efficientnet-b0', 'gpu'), ('nvidia/segformer-b1-finetuned-ade-512-512', 'gpu'))",[0. 1.]
1670233849.6113973,0.32378942146484374,0.23,3209.0,89.61029476396236,17,"(('efficientnet-b4', 'edge'), ('nvidia/segformer-b0-finetuned-ade-512-512', 'gpu'))",[0. 1.]
1670233905.1388128,2.9999561195778384,0.61,3230.0,4.210110722639134e-05,18,"(('efficientnet-b0', 'cpu'), ('nvidia/segformer-b1-finetuned-ade-512-512', 'cpu'))",[0. 1.]
1670233910.3140838,0.22049849914550781,0.53,3233.0,89.5998250962814,22,"(('efficientnet-b4', 'gpu'), ('nvidia/segformer-b0-finetuned-ade-512-512', 'gpu'))",[0. 1.]
1670233941.4144669,0.21126759,0.405,3227.0,92.15888887128249,24,"(('efficientnet-b0', 'cpu'), ('nvidia/segformer-b1-finetuned-ade-512-512', 'gpu'))",[0. 1.]
1670233988.68168,0.213093936,0.04,3238.0,95.98290191131812,31,"(('efficientnet-b0', 'gpu'), ('nvidia/segformer-b0-finetuned-ade-512-512', 'cpu'))",[0. 1.]
1670233999.8823383,0.5,0.7,92.72946341,89.48702022789928,17,"(('efficientnet-b4', 'edge'), ('nvidia/segformer-b0-finetuned-ade-512-512', 'gpu'))",[0.5 0.5]
1670234045.6734734,0.2042858,0.38,3243.0,92.70417530017534,6,"(('efficientnet-b0', 'cpu'), ('nvidia/segformer-b0-finetuned-ade-512-512', 'gpu'))",[1. 0.]
1670234062.455847,0.678302526473999,0.585,3239.0,32.99279799800079,8,"(('efficientnet-b0', 'edge'), ('nvidia/segformer-b1-finetuned-ade-512-512', 'cpu'))",[1. 0.]
1670234093.931346,0.23390478,0.45,3232.0,90.32581781393566,22,"(('efficientnet-b4', 'gpu'), ('nvidia/segformer-b0-finetuned-ade-512-512', 'gpu'))",[1. 0.]
1670234119.194266,0.08272636,0.68,3224.0,93.63142107315025,13,"(('efficientnet-b0', 'gpu'), ('nvidia/segformer-b1-finetuned-ade-512-512', 'cpu'))",[1. 0.]
1670234166.5339563,0.0116508603,0.455,3230.0,97.23267393739906,30,"(('efficientnet-b0', 'cpu'), ('nvidia/segformer-b1-finetuned-ade-512-512', 'edge'))",[1. 0.]
1670234181.0730865,0.00535882,0.435,3226.0,97.44305700832793,14,"(('efficientnet-b0', 'edge'), ('nvidia/segformer-b1-finetuned-ade-512-512', 'gpu'))",[1. 0.]
1670234256.2206063,0.01254946,0.7250000000000001,3255.0,95.22157042431019,15,"(('efficientnet-b4', 'cpu'), ('nvidia/segformer-b1-finetuned-ade-512-512', 'edge'))",[1. 0.]
1670234280.2521417,2.9999584454413313,0.245,3269.0,8.44489000345604e-05,18,"(('efficientnet-b0', 'cpu'), ('nvidia/segformer-b1-finetuned-ade-512-512', 'cpu'))",[1. 0.]
1670234284.832711,0.5,0.3949999999999999,3271.0,67.11692722778737,16,"(('efficientnet-b4', 'gpu'), ('nvidia/segformer-b0-finetuned-ade-512-512', 'cpu'))",[1. 0.]
1670234302.735858,0.00561589,0.595,3267.0,96.3850085348277,14,"(('efficientnet-b0', 'edge'), ('nvidia/segformer-b1-finetuned-ade-512-512', 'gpu'))",[1. 0.]
1670234333.7801292,0.0090968,0.485,3259.0,97.03827104546987,11,"(('efficientnet-b4', 'edge'), ('nvidia/segformer-b0-finetuned-ade-512-512', 'cpu'))",[1. 0.]
1670234359.8803256,0.07808489,0.175,3251.0,97.59284874969639,7,"(('efficientnet-b0', 'gpu'), ('nvidia/segformer-b0-finetuned-ade-512-512', 'edge'))",[1. 0.]
1670234390.5933266,0.2526091920440674,0.4549999999999999,3244.0,89.10296006964646,1,"(('efficientnet-b0', 'gpu'), ('nvidia/segformer-b0-finetuned-ade-512-512', 'gpu'))",[1. 0.]
1670234423.2617738,0.14849687,0.56,3249.0,92.49529398984954,16,"(('efficientnet-b4', 'gpu'), ('nvidia/segformer-b0-finetuned-ade-512-512', 'cpu'))",[1. 0.]
1670234455.3803115,0.00396833,0.4599999999999999,3253.0,97.27565429691417,23,"(('efficientnet-b4', 'edge'), ('nvidia/segformer-b0-finetuned-ade-512-512', 'edge'))",[1. 0.]
1670234481.287758,0.16950715,0.31,3257.0,94.67788302808853,34,"(('efficientnet-b4', 'gpu'), ('nvidia/segformer-b1-finetuned-ade-512-512', 'cpu'))",[1. 0.]
1670234513.7628086,0.04552444991882324,0.73,3260.0,94.15797667930333,14,"(('efficientnet-b0', 'edge'), ('nvidia/segformer-b1-finetuned-ade-512-512', 'gpu'))",[1. 0.]
1670234609.8041985,2.9998968894593463,0.4449999999999999,3303.0,5.497898555040987e-05,21,"(('efficientnet-b4', 'cpu'), ('nvidia/segformer-b0-finetuned-ade-512-512', 'cpu'))",[1. 0.]
1670234638.0232005,0.00958377,0.095,3318.0,98.54442446279691,12,"(('efficientnet-b0', 'cpu'), ('nvidia/segformer-b0-finetuned-ade-512-512', 'edge'))",[1. 0.]
1670234709.5689237,0.23771626,0.395,3356.0,90.1434640016548,27,"(('efficientnet-b4', 'cpu'), ('nvidia/segformer-b0-finetuned-ade-512-512', 'gpu'))",[1. 0.]
1670234780.876597,0.197758794,0.5549999999999999,3391.0,89.11534624258859,27,"(('efficientnet-b4', 'cpu'), ('nvidia/segformer-b0-finetuned-ade-512-512', 'gpu'))",[1. 0.]
1670234788.099506,0.09129882,0.1149999999999999,3392.0,97.39278098662535,7,"(('efficientnet-b0', 'gpu'), ('nvidia/segformer-b0-finetuned-ade-512-512', 'edge'))",[1. 0.]
1670234794.2505023,0.00461364,0.47,3393.0,96.86202381018381,26,"(('efficientnet-b0', 'edge'), ('nvidia/segformer-b0-finetuned-ade-512-512', 'cpu'))",[1. 0.]
1670234823.8210163,0.2042858,0.305,3407.0,92.75400911720507,6,"(('efficientnet-b0', 'cpu'), ('nvidia/segformer-b0-finetuned-ade-512-512', 'gpu'))",[1. 0.]
1670234831.150698,0.0055486,0.505,3408.0,96.58107364356533,20,"(('efficientnet-b0', 'edge'), ('nvidia/segformer-b1-finetuned-ade-512-512', 'edge'))",[0. 1.]
1670234838.077904,0.00826269,0.175,3409.0,98.1727240665092,12,"(('efficientnet-b0', 'cpu'), ('nvidia/segformer-b0-finetuned-ade-512-512', 'edge'))",[0. 1.]
1670234845.300233,0.00507495,0.24,3411.0,97.95936043137533,23,"(('efficientnet-b4', 'edge'), ('nvidia/segformer-b0-finetuned-ade-512-512', 'edge'))",[0. 1.]
1670234876.45696,0.00552356,0.36,3424.0,97.38470795187035,26,"(('efficientnet-b0', 'edge'), ('nvidia/segformer-b0-finetuned-ade-512-512', 'cpu'))",[0. 1.]
1670234883.777916,0.5589346885681152,0.7150000000000001,3426.0,39.77347878076618,5,"(('efficientnet-b4', 'edge'), ('nvidia/segformer-b1-finetuned-ade-512-512', 'edge'))",[0. 1.]
1670234904.284788,0.01171309,0.64,3427.0,95.33606003684582,10,"(('efficientnet-b4', 'gpu'), ('nvidia/segformer-b1-finetuned-ade-512-512', 'edge'))",[0. 1.]
1670234936.24017,0.04864642216796875,0.75,3429.0,92.91831186384819,17,"(('efficientnet-b4', 'edge'), ('nvidia/segformer-b0-finetuned-ade-512-512', 'gpu'))",[0. 1.]
1670234963.6050744,0.21203214174255372,0.77,3431.0,82.52247593695145,15,"(('efficientnet-b4', 'cpu'), ('nvidia/segformer-b1-finetuned-ade-512-512', 'edge'))",[0. 1.]
1670234993.7672994,0.16064631462768555,0.32,3434.0,94.03557909327654,17,"(('efficientnet-b4', 'edge'), ('nvidia/segformer-b0-finetuned-ade-512-512', 'gpu'))",[0. 1.]
1670235027.3492234,1.0373514295281983,0.51,3435.0,5.298836530987915,20,"(('efficientnet-b0', 'edge'), ('nvidia/segformer-b1-finetuned-ade-512-512', 'edge'))",[0. 1.]
1670235054.7155414,0.2515016148986816,0.7050000000000001,3436.0,80.86079598656444,33,"(('efficientnet-b4', 'cpu'), ('nvidia/segformer-b0-finetuned-ade-512-512', 'edge'))",[0. 1.]
1670235085.7886047,0.22054368,0.4499999999999999,3440.0,89.40940617659001,19,"(('efficientnet-b0', 'gpu'), ('nvidia/segformer-b1-finetuned-ade-512-512', 'gpu'))",[0. 1.]
1670235118.3326075,0.00505364,0.585,3441.0,95.91182387976916,5,"(('efficientnet-b4', 'edge'), ('nvidia/segformer-b1-finetuned-ade-512-512', 'edge'))",[0. 1.]
1670235146.514002,0.23622978,0.945,3445.0,73.97741892586238,4,"(('efficientnet-b4', 'gpu'), ('nvidia/segformer-b1-finetuned-ade-512-512', 'gpu'))",[0. 1.]
1670235177.148949,0.3709502858209228,0.4399999999999999,3447.0,77.63867985427495,32,"(('efficientnet-b0', 'edge'), ('nvidia/segformer-b0-finetuned-ade-512-512', 'gpu'))",[0. 1.]
1670272716.7233827,0.194983244,0.4549999999999999,3159.0,92.55988890113218,19,"(('efficientnet-b0', 'gpu'), ('nvidia/segformer-b1-finetuned-ade-512-512', 'gpu'))",[1. 0.]
1670272722.4096272,0.266793847,0.24,3159.0,92.55393935878203,16,"(('efficientnet-b4', 'gpu'), ('nvidia/segformer-b0-finetuned-ade-512-512', 'cpu'))",[1. 0.]
1670272765.6545832,0.0125432014,0.27,3160.0,98.1742279389924,12,"(('efficientnet-b0', 'cpu'), ('nvidia/segformer-b0-finetuned-ade-512-512', 'edge'))",[1. 0.]
1670272772.3079965,0.00330683589,0.415,3160.0,97.70261989311854,23,"(('efficientnet-b4', 'edge'), ('nvidia/segformer-b0-finetuned-ade-512-512', 'edge'))",[1. 0.]
1670272867.6794343,0.01035559,0.5,3163.0,97.16744821518598,15,"(('efficientnet-b4', 'cpu'), ('nvidia/segformer-b1-finetuned-ade-512-512', 'edge'))",[1. 0.]
1670272873.299096,0.0123275518,0.565,3163.0,96.7498448466056,7,"(('efficientnet-b0', 'gpu'), ('nvidia/segformer-b0-finetuned-ade-512-512', 'edge'))",[0.5 0.5]
1670272879.940866,0.05111929774302734,0.6000000000000001,3163.0,95.65064764977,33,"(('efficientnet-b4', 'cpu'), ('nvidia/segformer-b0-finetuned-ade-512-512', 'edge'))",[0. 1.]
1670272934.7785466,2.999825383732081,0.5700000000000001,3165.0,4.8297516083701546e-05,18,"(('efficientnet-b0', 'cpu'), ('nvidia/segformer-b1-finetuned-ade-512-512', 'cpu'))",[0. 1.]
1670272939.3687923,0.213793814,0.445,3165.0,91.85561560295292,1,"(('efficientnet-b0', 'gpu'), ('nvidia/segformer-b0-finetuned-ade-512-512', 'gpu'))",[0. 1.]
1670272982.7801316,2.99989161234679,0.45,3166.0,6.132042993805186e-05,21,"(('efficientnet-b4', 'cpu'), ('nvidia/segformer-b0-finetuned-ade-512-512', 'cpu'))",[0. 1.]
1670272988.9815505,0.107612491,0.315,3166.0,96.50785304291833,1,"(('efficientnet-b0', 'gpu'), ('nvidia/segformer-b0-finetuned-ade-512-512', 'gpu'))",[0.5 0.5]
1670273014.3014245,0.00559264421,0.47,3166.0,97.39470705599487,32,"(('efficientnet-b0', 'edge'), ('nvidia/segformer-b0-finetuned-ade-512-512', 'gpu'))",[1. 0.]
1670273046.3699095,0.0574193597,0.28,3167.0,97.56220655287741,1,"(('efficientnet-b0', 'gpu'), ('nvidia/segformer-b0-finetuned-ade-512-512', 'gpu'))",[1. 0.]
1670273098.205535,0.227243066,0.685,3168.0,86.52485786775873,24,"(('efficientnet-b0', 'cpu'), ('nvidia/segformer-b1-finetuned-ade-512-512', 'gpu'))",[1. 0.]
1670273106.3179736,0.113505423,0.75,3168.0,91.77386242721748,10,"(('efficientnet-b4', 'gpu'), ('nvidia/segformer-b1-finetuned-ade-512-512', 'edge'))",[1. 0.]
1670273138.533753,0.00540846586,0.665,3168.0,96.19694417245883,20,"(('efficientnet-b0', 'edge'), ('nvidia/segformer-b1-finetuned-ade-512-512', 'edge'))",[0. 1.]
1670273165.876262,0.21697998,0.585,3169.0,89.28600602498095,35,"(('efficientnet-b4', 'edge'), ('nvidia/segformer-b1-finetuned-ade-512-512', 'gpu'))",[0. 1.]
1670273196.9887822,0.27751213305249023,0.37,3169.0,89.90851917673255,7,"(('efficientnet-b0', 'gpu'), ('nvidia/segformer-b0-finetuned-ade-512-512', 'edge'))",[0. 1.]
1670273229.566016,0.00505375862,0.55,3169.0,96.95826148878535,5,"(('efficientnet-b4', 'edge'), ('nvidia/segformer-b1-finetuned-ade-512-512', 'edge'))",[0. 1.]
1670273254.914046,0.1965218788305664,0.345,3169.0,93.83727225185936,12,"(('efficientnet-b0', 'cpu'), ('nvidia/segformer-b0-finetuned-ade-512-512', 'edge'))",[0. 1.]
1670273287.1330404,0.132362127,0.6,3170.0,93.0676745090728,19,"(('efficientnet-b0', 'gpu'), ('nvidia/segformer-b1-finetuned-ade-512-512', 'gpu'))",[0.5 0.5]
1670273312.8899198,0.399418830402832,0.64,3170.0,71.3979622841942,13,"(('efficientnet-b0', 'gpu'), ('nvidia/segformer-b1-finetuned-ade-512-512', 'cpu'))",[1. 0.]
1670273344.8496945,0.00155559182,0.26,3170.0,98.30762844713134,2,"(('efficientnet-b0', 'edge'), ('nvidia/segformer-b0-finetuned-ade-512-512', 'edge'))",[1. 0.]
1670273377.075699,0.0724375248,0.2249999999999999,3171.0,97.60093883686713,19,"(('efficientnet-b0', 'gpu'), ('nvidia/segformer-b1-finetuned-ade-512-512', 'gpu'))",[1. 0.]
1670273409.8201609,0.00888508558,0.925,3171.0,93.62625877003279,35,"(('efficientnet-b4', 'edge'), ('nvidia/segformer-b1-finetuned-ade-512-512', 'gpu'))",[1. 0.]
1670273436.063203,0.0826582909,0.415,3171.0,96.31901379963332,35,"(('efficientnet-b4', 'edge'), ('nvidia/segformer-b1-finetuned-ade-512-512', 'gpu'))",[0.5 0.5]
1670273490.5981731,0.0056178,0.21,3172.0,98.42626887733516,26,"(('efficientnet-b0', 'edge'), ('nvidia/segformer-b0-finetuned-ade-512-512', 'cpu'))",[0. 1.]
1670273522.788039,0.1592740416499463,0.51,3173.0,93.16968369104602,26,"(('efficientnet-b0', 'edge'), ('nvidia/segformer-b0-finetuned-ade-512-512', 'cpu'))",[0. 1.]
1670273568.1955304,0.2693855762851318,0.205,3175.0,92.82852794065761,8,"(('efficientnet-b0', 'edge'), ('nvidia/segformer-b1-finetuned-ade-512-512', 'cpu'))",[0. 1.]
1670273572.7373772,0.165547669,0.21,3175.0,95.98313406091467,17,"(('efficientnet-b4', 'edge'), ('nvidia/segformer-b0-finetuned-ade-512-512', 'gpu'))",[0. 1.]
1670273637.156633,2.9997767377139986,0.7649999999999999,3177.0,3.2370172122520315e-05,21,"(('efficientnet-b4', 'cpu'), ('nvidia/segformer-b0-finetuned-ade-512-512', 'cpu'))",[0.5 0.5]
1670273665.0559192,0.01026785,0.415,3178.0,97.57014679149442,12,"(('efficientnet-b0', 'cpu'), ('nvidia/segformer-b0-finetuned-ade-512-512', 'edge'))",[1. 0.]
1670273673.0684106,0.1574895381915332,0.485,3178.0,93.51973207883812,2,"(('efficientnet-b0', 'edge'), ('nvidia/segformer-b0-finetuned-ade-512-512', 'edge'))",[1. 0.]
1670273679.626873,0.072091043,0.445,3178.0,96.30948775300888,13,"(('efficientnet-b0', 'gpu'), ('nvidia/segformer-b1-finetuned-ade-512-512', 'cpu'))",[1. 0.]
1670273705.6937213,0.0649029016,0.5800000000000001,3178.0,95.41274525178973,1,"(('efficientnet-b0', 'gpu'), ('nvidia/segformer-b0-finetuned-ade-512-512', 'gpu'))",[1. 0.]
1670273759.6549025,0.00556058,0.725,3179.0,95.68974794089556,8,"(('efficientnet-b0', 'edge'), ('nvidia/segformer-b1-finetuned-ade-512-512', 'cpu'))",[0.5 0.5]
1670273807.5430703,0.00972211361,0.5449999999999999,3181.0,96.87324137413,29,"(('efficientnet-b4', 'edge'), ('nvidia/segformer-b1-finetuned-ade-512-512', 'cpu'))",[0. 1.]
1670273813.4719048,0.00967699289,0.455,3181.0,97.37548194662867,33,"(('efficientnet-b4', 'cpu'), ('nvidia/segformer-b0-finetuned-ade-512-512', 'edge'))",[0. 1.]
1670273829.460292,0.0050740242,0.41,3181.0,97.65989454731519,23,"(('efficientnet-b4', 'edge'), ('nvidia/segformer-b0-finetuned-ade-512-512', 'edge'))",[0. 1.]
1670273859.5797656,0.24533724788547362,0.6799999999999999,3181.0,85.19169326660393,10,"(('efficientnet-b4', 'gpu'), ('nvidia/segformer-b1-finetuned-ade-512-512', 'edge'))",[0. 1.]
1670273907.7768364,0.00560355,0.545,3182.0,96.9446565770559,8,"(('efficientnet-b0', 'edge'), ('nvidia/segformer-b1-finetuned-ade-512-512', 'cpu'))",[0.5 0.5]
1670273919.830126,0.20412379509863282,0.265,3182.0,94.40714460937474,2,"(('efficientnet-b0', 'edge'), ('nvidia/segformer-b0-finetuned-ade-512-512', 'edge'))",[1. 0.]
1670273951.5253236,0.06981068853898925,0.79,3182.0,92.96944626330334,17,"(('efficientnet-b4', 'edge'), ('nvidia/segformer-b0-finetuned-ade-512-512', 'gpu'))",[1. 0.]
1670274052.247846,2.999926753776822,0.4499999999999999,3185.0,6.030291763146041e-05,21,"(('efficientnet-b4', 'cpu'), ('nvidia/segformer-b0-finetuned-ade-512-512', 'cpu'))",[1. 0.]
1670274057.6742835,0.0733285546,0.475,3185.0,96.03912059457896,25,"(('efficientnet-b0', 'gpu'), ('nvidia/segformer-b1-finetuned-ade-512-512', 'edge'))",[1. 0.]
1670274064.4007485,0.06227976084121582,0.535,3185.0,95.8296904981018,7,"(('efficientnet-b0', 'gpu'), ('nvidia/segformer-b0-finetuned-ade-512-512', 'edge'))",[0.5 0.5]
1670274071.3664727,0.00406005979,0.625,3185.0,96.45623790531141,2,"(('efficientnet-b0', 'edge'), ('nvidia/segformer-b0-finetuned-ade-512-512', 'edge'))",[0. 1.]
1670274098.1370947,0.23599225279641112,0.745,3186.0,84.17674214302252,25,"(('efficientnet-b0', 'gpu'), ('nvidia/segformer-b1-finetuned-ade-512-512', 'edge'))",[0. 1.]
1670274131.2531738,0.0040794611,0.69,3186.0,95.98021839476496,20,"(('efficientnet-b0', 'edge'), ('nvidia/segformer-b1-finetuned-ade-512-512', 'edge'))",[0. 1.]
1670274204.473961,0.169508934,0.8300000000000001,3188.0,86.97328291777838,34,"(('efficientnet-b4', 'gpu'), ('nvidia/segformer-b1-finetuned-ade-512-512', 'cpu'))",[0. 1.]
1670274211.961639,0.05102008581243653,0.665,3188.0,94.97663868762646,20,"(('efficientnet-b0', 'edge'), ('nvidia/segformer-b1-finetuned-ade-512-512', 'edge'))",[0. 1.]
1670274244.6934028,0.2042858,0.455,3189.0,91.97583162683914,6,"(('efficientnet-b0', 'cpu'), ('nvidia/segformer-b0-finetuned-ade-512-512', 'gpu'))",[1. 0.]
1670274254.6191683,0.0825536847,0.675,3189.0,93.87428207452409,25,"(('efficientnet-b0', 'gpu'), ('nvidia/segformer-b1-finetuned-ade-512-512', 'edge'))",[1. 0.]
1670274353.5425675,0.17724735,0.205,3192.0,95.68386687684406,27,"(('efficientnet-b4', 'cpu'), ('nvidia/segformer-b0-finetuned-ade-512-512', 'gpu'))",[1. 0.]
1670274361.193931,0.00387591124,0.62,3192.0,96.4733501805092,23,"(('efficientnet-b4', 'edge'), ('nvidia/segformer-b0-finetuned-ade-512-512', 'edge'))",[1. 0.]
1670274368.1550963,0.12100654839323731,0.36,3192.0,95.79579921717226,19,"(('efficientnet-b0', 'gpu'), ('nvidia/segformer-b1-finetuned-ade-512-512', 'gpu'))",[0.5 0.5]
1670274402.528804,0.00891751051,0.41,3193.0,97.58211086436276,11,"(('efficientnet-b4', 'edge'), ('nvidia/segformer-b0-finetuned-ade-512-512', 'cpu'))",[0. 1.]
1670274453.140216,0.0461115241092627,0.55,3194.0,96.05989919167362,18,"(('efficientnet-b0', 'cpu'), ('nvidia/segformer-b1-finetuned-ade-512-512', 'cpu'))",[0. 1.]
1670274458.462504,0.011705339,0.3,3195.0,98.0146722751996,12,"(('efficientnet-b0', 'cpu'), ('nvidia/segformer-b0-finetuned-ade-512-512', 'edge'))",[0. 1.]
1670274505.523299,0.1186049,0.89,3196.0,88.8654075602281,34,"(('efficientnet-b4', 'gpu'), ('nvidia/segformer-b1-finetuned-ade-512-512', 'cpu'))",[0. 1.]
1670274510.0768716,0.00712865591,0.68,3196.0,95.95315957533427,5,"(('efficientnet-b4', 'edge'), ('nvidia/segformer-b1-finetuned-ade-512-512', 'edge'))",[0. 1.]
1670274596.8210623,0.0124424696,0.38,3199.0,97.66020797025361,33,"(('efficientnet-b4', 'cpu'), ('nvidia/segformer-b0-finetuned-ade-512-512', 'edge'))",[1. 0.]
1670274627.9559174,0.00980460644,0.235,3200.0,98.26453834749518,30,"(('efficientnet-b0', 'cpu'), ('nvidia/segformer-b1-finetuned-ade-512-512', 'edge'))",[1. 0.]
1670274707.2228875,0.043526887893237304,0.405,3202.0,97.04683704360828,27,"(('efficientnet-b4', 'cpu'), ('nvidia/segformer-b0-finetuned-ade-512-512', 'gpu'))",[1. 0.]
1670274715.2229226,0.0878173113,0.64,3202.0,94.02835747728771,25,"(('efficientnet-b0', 'gpu'), ('nvidia/segformer-b1-finetuned-ade-512-512', 'edge'))",[1. 0.]
1670274721.000631,0.132362127,0.74,3202.0,90.79874435451168,19,"(('efficientnet-b0', 'gpu'), ('nvidia/segformer-b1-finetuned-ade-512-512', 'gpu'))",[0.5 0.5]
1670274728.9031336,0.236862898,0.5449999999999999,3203.0,88.6092164520908,14,"(('efficientnet-b0', 'edge'), ('nvidia/segformer-b1-finetuned-ade-512-512', 'gpu'))",[0. 1.]
1670274736.1948042,0.13664734364863282,0.475,3203.0,94.22814084988848,27,"(('efficientnet-b4', 'cpu'), ('nvidia/segformer-b0-finetuned-ade-512-512', 'gpu'))",[0. 1.]
1670274742.715762,0.24380064,0.77,3203.0,82.63253492543102,35,"(('efficientnet-b4', 'edge'), ('nvidia/segformer-b1-finetuned-ade-512-512', 'gpu'))",[0. 1.]
1670274763.1533024,0.255210638,0.36,3203.0,90.98122677763438,9,"(('efficientnet-b4', 'cpu'), ('nvidia/segformer-b1-finetuned-ade-512-512', 'gpu'))",[0. 1.]
1670274814.7362082,0.0046559,0.7250000000000001,3204.0,95.62196990197997,8,"(('efficientnet-b0', 'edge'), ('nvidia/segformer-b1-finetuned-ade-512-512', 'cpu'))",[0.5 0.5]
1670274825.5923345,0.00404394,0.375,3204.0,97.7849062192088,20,"(('efficientnet-b0', 'edge'), ('nvidia/segformer-b1-finetuned-ade-512-512', 'edge'))",[1. 0.]
1670274853.9289396,0.159999669,0.39,3205.0,94.379331791879,28,"(('efficientnet-b4', 'gpu'), ('nvidia/segformer-b0-finetuned-ade-512-512', 'edge'))",[1. 0.]
1670274910.5947905,0.241533399,0.19,3206.0,93.88197804283325,24,"(('efficientnet-b0', 'cpu'), ('nvidia/segformer-b1-finetuned-ade-512-512', 'gpu'))",[1. 0.]
1670274915.4663043,0.00972211361,0.5700000000000001,3206.0,96.64848263648877,29,"(('efficientnet-b4', 'edge'), ('nvidia/segformer-b1-finetuned-ade-512-512', 'cpu'))",[1. 0.]
1670274944.0820584,0.167094707,0.375,3206.0,94.30761035871494,1,"(('efficientnet-b0', 'gpu'), ('nvidia/segformer-b0-finetuned-ade-512-512', 'gpu'))",[0.5 0.5]
1670275017.5858088,0.00556058,0.815,3208.0,94.75936194906112,8,"(('efficientnet-b0', 'edge'), ('nvidia/segformer-b1-finetuned-ade-512-512', 'cpu'))",[0. 1.]
1670275022.0171392,0.04876625537940918,0.7949999999999999,3208.0,93.55752278547132,15,"(('efficientnet-b4', 'cpu'), ('nvidia/segformer-b1-finetuned-ade-512-512', 'edge'))",[0. 1.]
1670275034.5104923,0.0101407766,0.69,3208.0,95.76054573345594,10,"(('efficientnet-b4', 'gpu'), ('nvidia/segformer-b1-finetuned-ade-512-512', 'edge'))",[0. 1.]
1670275067.4985635,0.0126079321,0.31,3209.0,97.94019095028821,7,"(('efficientnet-b0', 'gpu'), ('nvidia/segformer-b0-finetuned-ade-512-512', 'edge'))",[0. 1.]
1670275117.9607744,0.1721279620965088,0.5800000000000001,3210.0,91.40212750385905,34,"(('efficientnet-b4', 'gpu'), ('nvidia/segformer-b1-finetuned-ade-512-512', 'cpu'))",[0.5 0.5]
1670275123.687047,0.05897080894863281,0.595,3210.0,95.31444448257814,8,"(('efficientnet-b0', 'edge'), ('nvidia/segformer-b1-finetuned-ade-512-512', 'cpu'))",[1. 0.]
1670275235.2116263,0.232839465,0.48,3213.0,89.99686464846296,9,"(('efficientnet-b4', 'cpu'), ('nvidia/segformer-b1-finetuned-ade-512-512', 'gpu'))",[1. 0.]
1670275266.7997298,2.9998024977528526,0.42,3214.0,6.248388046124648e-05,18,"(('efficientnet-b0', 'cpu'), ('nvidia/segformer-b1-finetuned-ade-512-512', 'cpu'))",[1. 0.]
1670275299.0786357,0.00980014,0.655,3214.0,96.02369748352871,30,"(('efficientnet-b0', 'cpu'), ('nvidia/segformer-b1-finetuned-ade-512-512', 'edge'))",[1. 0.]
1670275304.1181717,0.0122760534,0.3949999999999999,3215.0,97.56011439915446,25,"(('efficientnet-b0', 'gpu'), ('nvidia/segformer-b1-finetuned-ade-512-512', 'edge'))",[0.5 0.5]
1670275310.5510774,0.00803434849,0.39,3215.0,97.64309084990586,7,"(('efficientnet-b0', 'gpu'), ('nvidia/segformer-b0-finetuned-ade-512-512', 'edge'))",[0. 1.]
1670275318.014407,0.00879449,0.47,3215.0,97.2331628039957,35,"(('efficientnet-b4', 'edge'), ('nvidia/segformer-b1-finetuned-ade-512-512', 'gpu'))",[0. 1.]
1670269811.110711,0.04820311066623535,0.665,3091.0,95.43828577098387,14,"(('efficientnet-b0', 'edge'), ('nvidia/segformer-b1-finetuned-ade-512-512', 'gpu'))",[1. 0.]
1670269855.983627,2.88344795,0.52,3092.0,0.00011433381089304556,1,"(('efficientnet-b0', 'gpu'), ('nvidia/segformer-b0-finetuned-ade-512-512', 'gpu'))",[1. 0.]
1670269865.1909578,0.1551403403277246,0.49,3092.0,93.98166118638598,32,"(('efficientnet-b0', 'edge'), ('nvidia/segformer-b0-finetuned-ade-512-512', 'gpu'))",[1. 0.]
1670269891.1460445,0.00563323498,0.32,3093.0,98.17372718657755,8,"(('efficientnet-b0', 'edge'), ('nvidia/segformer-b1-finetuned-ade-512-512', 'cpu'))",[1. 0.]
1670269942.9321043,0.171902955,0.5700000000000001,3094.0,92.31526468456107,6,"(('efficientnet-b0', 'cpu'), ('nvidia/segformer-b0-finetuned-ade-512-512', 'gpu'))",[1. 0.]
1670269951.073217,0.00555807352,0.5900000000000001,3094.0,96.90529886391516,14,"(('efficientnet-b0', 'edge'), ('nvidia/segformer-b1-finetuned-ade-512-512', 'gpu'))",[1. 0.]
1670270043.325035,2.9999461332690833,0.625,3096.0,4.590874671552708e-05,3,"(('efficientnet-b4', 'cpu'), ('nvidia/segformer-b1-finetuned-ade-512-512', 'cpu'))",[1. 0.]
1670270064.5411837,0.00553673506,0.75,3097.0,95.77734540733557,8,"(('efficientnet-b0', 'edge'), ('nvidia/segformer-b1-finetuned-ade-512-512', 'cpu'))",[0.5 0.5]
1670270105.1408484,0.00912362337,0.495,3099.0,97.36170924443223,29,"(('efficientnet-b4', 'edge'), ('nvidia/segformer-b1-finetuned-ade-512-512', 'cpu'))",[0. 1.]
1670270110.887446,0.366135359,0.62,3099.0,77.1399652579095,35,"(('efficientnet-b4', 'edge'), ('nvidia/segformer-b1-finetuned-ade-512-512', 'gpu'))",[0. 1.]
1670270114.8419774,0.228891194,0.675,3099.0,87.32158026508603,35,"(('efficientnet-b4', 'edge'), ('nvidia/segformer-b1-finetuned-ade-512-512', 'gpu'))",[0. 1.]
1670270134.731891,0.227243066,0.755,3100.0,85.55381858115248,24,"(('efficientnet-b0', 'cpu'), ('nvidia/segformer-b1-finetuned-ade-512-512', 'gpu'))",[0. 1.]
1670270167.381239,0.3116407393347168,0.425,3100.0,87.350703363651,9,"(('efficientnet-b4', 'cpu'), ('nvidia/segformer-b1-finetuned-ade-512-512', 'gpu'))",[0. 1.]
1670270194.1809754,0.4085019227641602,0.4649999999999999,3101.0,78.0792868247522,15,"(('efficientnet-b4', 'cpu'), ('nvidia/segformer-b1-finetuned-ade-512-512', 'edge'))",[0. 1.]
1670270225.86813,0.0106142759,0.95,3101.0,93.62920860247978,15,"(('efficientnet-b4', 'cpu'), ('nvidia/segformer-b1-finetuned-ade-512-512', 'edge'))",[0. 1.]
1670270252.6427796,0.00235947967,0.38,3101.0,97.97103779656146,20,"(('efficientnet-b0', 'edge'), ('nvidia/segformer-b1-finetuned-ade-512-512', 'edge'))",[1. 0.]
1670270342.5511444,0.171490371,0.725,3104.0,89.75002855841198,27,"(('efficientnet-b4', 'cpu'), ('nvidia/segformer-b0-finetuned-ade-512-512', 'gpu'))",[1. 0.]
1670270369.0860186,0.1781419515323242,0.44,3105.0,93.69660971876843,30,"(('efficientnet-b0', 'cpu'), ('nvidia/segformer-b1-finetuned-ade-512-512', 'edge'))",[1. 0.]
1670270435.0201278,0.046819984959472656,0.47,3107.0,96.84818767026586,21,"(('efficientnet-b4', 'cpu'), ('nvidia/segformer-b0-finetuned-ade-512-512', 'cpu'))",[1. 0.]
1670270442.3570657,0.0046723485,0.31,3107.0,98.19793660760769,14,"(('efficientnet-b0', 'edge'), ('nvidia/segformer-b1-finetuned-ade-512-512', 'gpu'))",[1. 0.]
1670270470.080458,2.9997764119051946,0.255,3108.0,9.531991024629648e-05,18,"(('efficientnet-b0', 'cpu'), ('nvidia/segformer-b1-finetuned-ade-512-512', 'cpu'))",[1. 0.]
1670270476.8616211,0.00406688452,0.8,3108.0,95.3505717982195,5,"(('efficientnet-b4', 'edge'), ('nvidia/segformer-b1-finetuned-ade-512-512', 'edge'))",[1. 0.]
1670270483.2931435,0.00503152609,0.615,3108.0,96.7233340014172,5,"(('efficientnet-b4', 'edge'), ('nvidia/segformer-b1-finetuned-ade-512-512', 'edge'))",[0. 1.]
1670270498.6586044,0.214234531,0.515,3109.0,91.12456962355118,22,"(('efficientnet-b4', 'gpu'), ('nvidia/segformer-b0-finetuned-ade-512-512', 'gpu'))",[0. 1.]
1670270530.451875,0.0116508603,0.4,3109.0,97.75650025857982,30,"(('efficientnet-b0', 'cpu'), ('nvidia/segformer-b1-finetuned-ade-512-512', 'edge'))",[0. 1.]
1670270556.1561725,0.06298705935811523,0.605,3109.0,95.50591231694882,10,"(('efficientnet-b4', 'gpu'), ('nvidia/segformer-b1-finetuned-ade-512-512', 'edge'))",[0. 1.]
1670270612.0729196,0.48951363582495117,0.4,3111.0,71.20839527730385,0,"(('efficientnet-b0', 'cpu'), ('nvidia/segformer-b0-finetuned-ade-512-512', 'cpu'))",[0. 1.]
1670270620.0041664,0.0117161274,0.61,3111.0,96.61804614655486,10,"(('efficientnet-b4', 'gpu'), ('nvidia/segformer-b1-finetuned-ade-512-512', 'edge'))",[0. 1.]
1670270645.7032883,0.06673061844455566,0.565,3111.0,95.73942065412201,6,"(('efficientnet-b0', 'cpu'), ('nvidia/segformer-b0-finetuned-ade-512-512', 'gpu'))",[0. 1.]
1670270722.0915449,0.18608027695649415,0.2249999999999999,3113.0,95.58238210937596,21,"(('efficientnet-b4', 'cpu'), ('nvidia/segformer-b0-finetuned-ade-512-512', 'cpu'))",[0.5 0.5]
1670270748.5893188,0.011705339,0.325,3114.0,98.05404885220636,12,"(('efficientnet-b0', 'cpu'), ('nvidia/segformer-b0-finetuned-ade-512-512', 'edge'))",[1. 0.]
1670270754.42616,0.05906784532648926,0.425,3114.0,96.87985742003048,16,"(('efficientnet-b4', 'gpu'), ('nvidia/segformer-b0-finetuned-ade-512-512', 'cpu'))",[1. 0.]
1670270767.0573025,0.00330856442,0.5800000000000001,3115.0,96.95066600945025,5,"(('efficientnet-b4', 'edge'), ('nvidia/segformer-b1-finetuned-ade-512-512', 'edge'))",[1. 0.]
1670270799.899202,0.00912362337,0.79,3115.0,95.27720000480518,29,"(('efficientnet-b4', 'edge'), ('nvidia/segformer-b1-finetuned-ade-512-512', 'cpu'))",[1. 0.]
1670270849.837391,0.0096501112,0.6699999999999999,3116.0,96.23251709602934,30,"(('efficientnet-b0', 'cpu'), ('nvidia/segformer-b1-finetuned-ade-512-512', 'edge'))",[1. 0.]
1670270860.4432209,0.00891751051,0.47,3116.0,97.45374897909177,11,"(('efficientnet-b4', 'edge'), ('nvidia/segformer-b0-finetuned-ade-512-512', 'cpu'))",[1. 0.]
1670270886.0052035,0.05650404095198242,0.6,3117.0,95.68253375523737,17,"(('efficientnet-b4', 'edge'), ('nvidia/segformer-b0-finetuned-ade-512-512', 'gpu'))",[0.5 0.5]
1670270959.1306944,0.16327053308374512,0.635,3119.0,91.57557200985525,34,"(('efficientnet-b4', 'gpu'), ('nvidia/segformer-b1-finetuned-ade-512-512', 'cpu'))",[0. 1.]
1670271000.4550238,0.00912362337,0.495,3120.0,97.31439493254128,29,"(('efficientnet-b4', 'edge'), ('nvidia/segformer-b1-finetuned-ade-512-512', 'cpu'))",[0. 1.]
1670271006.034715,0.1761695742612207,0.74,3120.0,89.06857746595401,24,"(('efficientnet-b0', 'cpu'), ('nvidia/segformer-b1-finetuned-ade-512-512', 'gpu'))",[0. 1.]
1670271050.3494349,0.24927437308444825,0.76,3122.0,83.44358645051085,34,"(('efficientnet-b4', 'gpu'), ('nvidia/segformer-b1-finetuned-ade-512-512', 'cpu'))",[0. 1.]
1670271083.180693,0.266793847,0.335,3123.0,91.38369577689157,16,"(('efficientnet-b4', 'gpu'), ('nvidia/segformer-b0-finetuned-ade-512-512', 'cpu'))",[0. 1.]
1670271111.9675393,0.2781401277921143,0.695,3124.0,82.81345276731341,11,"(('efficientnet-b4', 'edge'), ('nvidia/segformer-b0-finetuned-ade-512-512', 'cpu'))",[0. 1.]
1670271116.056044,0.0125643611,0.02,3124.0,98.91846883496613,7,"(('efficientnet-b0', 'gpu'), ('nvidia/segformer-b0-finetuned-ade-512-512', 'edge'))",[0. 1.]
1670271150.291271,0.01083922,0.48,3125.0,97.35424395683815,30,"(('efficientnet-b0', 'cpu'), ('nvidia/segformer-b1-finetuned-ade-512-512', 'edge'))",[1. 0.]
1670271158.064665,0.00392779708,0.25,3125.0,98.38072757694349,23,"(('efficientnet-b4', 'edge'), ('nvidia/segformer-b0-finetuned-ade-512-512', 'edge'))",[1. 0.]
1670271190.309271,0.06215828657278809,0.54,3126.0,95.99447314781504,5,"(('efficientnet-b4', 'edge'), ('nvidia/segformer-b1-finetuned-ade-512-512', 'edge'))",[1. 0.]
1670271217.8873682,0.151022196,0.505,3126.0,93.7814600700401,7,"(('efficientnet-b0', 'gpu'), ('nvidia/segformer-b0-finetuned-ade-512-512', 'edge'))",[1. 0.]
1670271250.432943,0.221423686,0.47,3126.0,91.38064234354798,4,"(('efficientnet-b4', 'gpu'), ('nvidia/segformer-b1-finetuned-ade-512-512', 'gpu'))",[1. 0.]
1670271301.304638,0.08445915579887207,0.62,3128.0,94.69027447104537,24,"(('efficientnet-b0', 'cpu'), ('nvidia/segformer-b1-finetuned-ade-512-512', 'gpu'))",[1. 0.]
1670271311.8320477,0.17325127124975098,0.45,3128.0,93.63338138380838,22,"(('efficientnet-b4', 'gpu'), ('nvidia/segformer-b0-finetuned-ade-512-512', 'gpu'))",[1. 0.]
1670271381.783765,0.12562197,0.7250000000000001,3130.0,91.85161866816578,34,"(('efficientnet-b4', 'gpu'), ('nvidia/segformer-b1-finetuned-ade-512-512', 'cpu'))",[0. 1.]
1670271414.129284,0.05414701,0.295,3131.0,97.61151298802379,31,"(('efficientnet-b0', 'gpu'), ('nvidia/segformer-b0-finetuned-ade-512-512', 'cpu'))",[0. 1.]
1670271461.7151744,0.00560355,0.165,3132.0,98.60843326216735,8,"(('efficientnet-b0', 'edge'), ('nvidia/segformer-b1-finetuned-ade-512-512', 'cpu'))",[0. 1.]
1670271495.1776135,0.14106667,0.48,3133.0,94.35917532408537,16,"(('efficientnet-b4', 'gpu'), ('nvidia/segformer-b0-finetuned-ade-512-512', 'cpu'))",[0. 1.]
1670271503.848671,0.29109031,0.375,3134.0,89.3411041063154,24,"(('efficientnet-b0', 'cpu'), ('nvidia/segformer-b1-finetuned-ade-512-512', 'gpu'))",[0. 1.]
1670271552.3472717,0.08272636,0.465,3135.0,96.06600844716554,13,"(('efficientnet-b0', 'gpu'), ('nvidia/segformer-b1-finetuned-ade-512-512', 'cpu'))",[0. 1.]
1670271588.1836376,2.9999132384744605,0.49,3137.0,5.804396453727104e-05,21,"(('efficientnet-b4', 'cpu'), ('nvidia/segformer-b0-finetuned-ade-512-512', 'cpu'))",[0. 1.]
1670271594.040305,0.189474702,0.435,3137.0,93.17032249644758,17,"(('efficientnet-b4', 'edge'), ('nvidia/segformer-b0-finetuned-ade-512-512', 'gpu'))",[0.5 0.5]
1670271601.3433533,0.213093936,0.35,3137.0,93.34812108637607,31,"(('efficientnet-b0', 'gpu'), ('nvidia/segformer-b0-finetuned-ade-512-512', 'cpu'))",[1. 0.]
1670271614.4045472,0.0887899995,0.5,3137.0,95.63641630468297,25,"(('efficientnet-b0', 'gpu'), ('nvidia/segformer-b1-finetuned-ade-512-512', 'edge'))",[1. 0.]
1670271645.32516,0.143638968,0.51,3138.0,93.91918889142829,4,"(('efficientnet-b4', 'gpu'), ('nvidia/segformer-b1-finetuned-ade-512-512', 'gpu'))",[1. 0.]
1670271674.8358738,0.3544534445994873,0.695,3138.0,75.0711351032123,34,"(('efficientnet-b4', 'gpu'), ('nvidia/segformer-b1-finetuned-ade-512-512', 'cpu'))",[1. 0.]
1670271769.6879208,2.9998823307427798,0.53,3141.0,5.340519172602456e-05,3,"(('efficientnet-b4', 'cpu'), ('nvidia/segformer-b1-finetuned-ade-512-512', 'cpu'))",[1. 0.]
1670271774.0714102,0.14562112094470214,0.81,3141.0,89.3099071508686,23,"(('efficientnet-b4', 'edge'), ('nvidia/segformer-b0-finetuned-ade-512-512', 'edge'))",[1. 0.]
1670271781.9780445,0.00767445564,0.65,3141.0,96.34019234613262,7,"(('efficientnet-b0', 'gpu'), ('nvidia/segformer-b0-finetuned-ade-512-512', 'edge'))",[0.5 0.5]
1670271794.8483827,0.22981751,0.38,3141.0,92.2557692904568,19,"(('efficientnet-b0', 'gpu'), ('nvidia/segformer-b1-finetuned-ade-512-512', 'gpu'))",[0. 1.]
1670271863.9132018,2.9999831737968905,0.51,3143.0,5.545454938915876e-05,3,"(('efficientnet-b4', 'cpu'), ('nvidia/segformer-b1-finetuned-ade-512-512', 'cpu'))",[0. 1.]
1670271872.6507578,0.1654557287670801,0.255,3143.0,95.73869962756287,32,"(('efficientnet-b0', 'edge'), ('nvidia/segformer-b0-finetuned-ade-512-512', 'gpu'))",[0. 1.]
1670271912.9522898,2.9999332398095553,0.235,3144.0,9.606195884826556e-05,0,"(('efficientnet-b0', 'cpu'), ('nvidia/segformer-b0-finetuned-ade-512-512', 'cpu'))",[0. 1.]
1670271920.5121346,0.0116474628,0.245,3145.0,98.29290491505907,28,"(('efficientnet-b4', 'gpu'), ('nvidia/segformer-b0-finetuned-ade-512-512', 'edge'))",[0. 1.]
1670271947.6534014,0.220329523,0.4499999999999999,3145.0,91.61435255912255,35,"(('efficientnet-b4', 'edge'), ('nvidia/segformer-b1-finetuned-ade-512-512', 'gpu'))",[0. 1.]
1670272017.7778215,0.00912362337,0.61,3147.0,96.56620445574778,29,"(('efficientnet-b4', 'edge'), ('nvidia/segformer-b1-finetuned-ade-512-512', 'cpu'))",[0. 1.]
1670272025.1776376,0.00480878353,0.3,3147.0,98.17012026138597,14,"(('efficientnet-b0', 'edge'), ('nvidia/segformer-b1-finetuned-ade-512-512', 'gpu'))",[1. 0.]
1670272031.737566,0.0580528975,0.435,3147.0,96.74846402230379,25,"(('efficientnet-b0', 'gpu'), ('nvidia/segformer-b1-finetuned-ade-512-512', 'edge'))",[1. 0.]
1670272065.8973873,0.2568057775796875,0.705,3147.0,84.03010422478641,8,"(('efficientnet-b0', 'edge'), ('nvidia/segformer-b1-finetuned-ade-512-512', 'cpu'))",[1. 0.]
1670272167.5214517,0.232839465,0.59,3150.0,88.40811891925993,9,"(('efficientnet-b4', 'cpu'), ('nvidia/segformer-b1-finetuned-ade-512-512', 'gpu'))",[1. 0.]
1670272175.921878,0.00561195612,0.56,3150.0,96.93806118615578,14,"(('efficientnet-b0', 'edge'), ('nvidia/segformer-b1-finetuned-ade-512-512', 'gpu'))",[1. 0.]
1670272182.412712,0.12304747109313965,0.71,3151.0,92.05278976032942,10,"(('efficientnet-b4', 'gpu'), ('nvidia/segformer-b1-finetuned-ade-512-512', 'edge'))",[1. 0.]
1670272190.0471947,0.00406688452,0.6000000000000001,3151.0,96.71824836174714,5,"(('efficientnet-b4', 'edge'), ('nvidia/segformer-b1-finetuned-ade-512-512', 'edge'))",[1. 0.]
1670272258.3842332,0.169508934,0.6499999999999999,3153.0,90.79647042147585,34,"(('efficientnet-b4', 'gpu'), ('nvidia/segformer-b1-finetuned-ade-512-512', 'cpu'))",[0. 1.]
1670272264.6386232,0.00404047966,0.655,3153.0,96.34501645334863,2,"(('efficientnet-b0', 'edge'), ('nvidia/segformer-b0-finetuned-ade-512-512', 'edge'))",[0. 1.]
1670272276.029205,0.357515573119751,0.325,3153.0,85.94819070116348,2,"(('efficientnet-b0', 'edge'), ('nvidia/segformer-b0-finetuned-ade-512-512', 'edge'))",[0. 1.]
1670272303.3324206,0.17917817831272462,0.57,3154.0,91.60729722443406,9,"(('efficientnet-b4', 'cpu'), ('nvidia/segformer-b1-finetuned-ade-512-512', 'gpu'))",[0. 1.]
1670272380.2830212,0.0604619384,0.6,3156.0,95.43796052030163,13,"(('efficientnet-b0', 'gpu'), ('nvidia/segformer-b1-finetuned-ade-512-512', 'cpu'))",[0. 1.]
1670272384.8788898,0.0106714368,0.715,3156.0,95.72808549050987,30,"(('efficientnet-b0', 'cpu'), ('nvidia/segformer-b1-finetuned-ade-512-512', 'edge'))",[0. 1.]
1670272396.228392,0.00803720951,0.3299999999999999,3156.0,98.00672093603268,28,"(('efficientnet-b4', 'gpu'), ('nvidia/segformer-b0-finetuned-ade-512-512', 'edge'))",[0. 1.]
1670272441.251802,0.0056178,0.485,3157.0,97.33745621641647,26,"(('efficientnet-b0', 'edge'), ('nvidia/segformer-b0-finetuned-ade-512-512', 'cpu'))",[0.5 0.5]
1670272457.662449,0.169508934,0.655,3157.0,90.68321858566132,34,"(('efficientnet-b4', 'gpu'), ('nvidia/segformer-b1-finetuned-ade-512-512', 'cpu'))",[1. 0.]
1670272485.0539954,0.046386480335791014,0.745,3157.0,94.45008988580994,25,"(('efficientnet-b0', 'gpu'), ('nvidia/segformer-b1-finetuned-ade-512-512', 'edge'))",[1. 0.]
1670272547.2471237,2.9998560188870287,0.275,3159.0,8.756779734753759e-05,18,"(('efficientnet-b0', 'cpu'), ('nvidia/segformer-b1-finetuned-ade-512-512', 'cpu'))",[1. 0.]
1670263029.8636768,2.9997535551095775,0.235,2892.0,0.00011972550860141624,0,"(('efficientnet-b0', 'cpu'), ('nvidia/segformer-b0-finetuned-ade-512-512', 'cpu'))",[1. 0.]
1670263096.047696,2.999816168415752,0.75,2895.0,4.261550226067244e-05,21,"(('efficientnet-b4', 'cpu'), ('nvidia/segformer-b0-finetuned-ade-512-512', 'cpu'))",[1. 0.]
1670263124.8017757,0.23792898656030273,0.185,2896.0,95.39986405892988,16,"(('efficientnet-b4', 'gpu'), ('nvidia/segformer-b0-finetuned-ade-512-512', 'cpu'))",[1. 0.]
1670263467.2621372,0.0046559,0.4649999999999999,2902.0,97.94958847497968,8,"(('efficientnet-b0', 'edge'), ('nvidia/segformer-b1-finetuned-ade-512-512', 'cpu'))",[1. 0.]
1670263491.0411053,0.01083922,0.525,2904.0,97.60506518398536,30,"(('efficientnet-b0', 'cpu'), ('nvidia/segformer-b1-finetuned-ade-512-512', 'edge'))",[1. 0.]
1670263494.6635342,0.06039643,0.24,2904.0,98.16612524041963,7,"(('efficientnet-b0', 'gpu'), ('nvidia/segformer-b0-finetuned-ade-512-512', 'edge'))",[1. 0.]
1670263554.0089457,0.239488542,0.595,2907.0,89.9625353111536,9,"(('efficientnet-b4', 'cpu'), ('nvidia/segformer-b1-finetuned-ade-512-512', 'gpu'))",[1. 0.]
1670263576.947646,0.01026785,0.1999999999999999,2908.0,98.73519478319601,12,"(('efficientnet-b0', 'cpu'), ('nvidia/segformer-b0-finetuned-ade-512-512', 'edge'))",[1. 0.]
1670263599.8345587,0.011705339,0.285,2909.0,98.49027282649254,12,"(('efficientnet-b0', 'cpu'), ('nvidia/segformer-b0-finetuned-ade-512-512', 'edge'))",[1. 0.]
1670263606.161355,0.00556058,0.42,2909.0,98.10142332723805,8,"(('efficientnet-b0', 'edge'), ('nvidia/segformer-b1-finetuned-ade-512-512', 'cpu'))",[1. 0.]
1670263611.7180126,0.00659543,0.73,2909.0,96.50643939755052,35,"(('efficientnet-b4', 'edge'), ('nvidia/segformer-b1-finetuned-ade-512-512', 'gpu'))",[1. 0.]
1670263673.883562,0.232839465,0.72,2912.0,87.8533483825558,9,"(('efficientnet-b4', 'cpu'), ('nvidia/segformer-b1-finetuned-ade-512-512', 'gpu'))",[1. 0.]
1670263678.4795482,0.15863866,0.725,2913.0,91.78095391928566,34,"(('efficientnet-b4', 'gpu'), ('nvidia/segformer-b1-finetuned-ade-512-512', 'cpu'))",[1. 0.]
1670263737.1268191,0.0105260015,0.755,2916.0,96.22764751367386,15,"(('efficientnet-b4', 'cpu'), ('nvidia/segformer-b1-finetuned-ade-512-512', 'edge'))",[1. 0.]
1670263743.3237872,0.06594145,0.44,2916.0,97.1709345527308,1,"(('efficientnet-b0', 'gpu'), ('nvidia/segformer-b0-finetuned-ade-512-512', 'gpu'))",[1. 0.]
1670263750.0292764,0.17220765076416017,0.42,2916.0,94.97375787674585,22,"(('efficientnet-b4', 'gpu'), ('nvidia/segformer-b0-finetuned-ade-512-512', 'gpu'))",[1. 0.]
1670263755.7221785,0.00966024,0.475,2916.0,97.8208705087437,29,"(('efficientnet-b4', 'edge'), ('nvidia/segformer-b1-finetuned-ade-512-512', 'cpu'))",[1. 0.]
1670263762.8178434,0.5,0.37,94.33434146,94.19980987218379,1,"(('efficientnet-b0', 'gpu'), ('nvidia/segformer-b0-finetuned-ade-512-512', 'gpu'))",[0.5 0.5]
1670263790.7679615,2.9999712779437284,0.43,2918.0,7.914543168225417e-05,21,"(('efficientnet-b4', 'cpu'), ('nvidia/segformer-b0-finetuned-ade-512-512', 'cpu'))",[0. 1.]
1670263798.5656264,0.00400054,0.265,2918.0,98.60252735574517,2,"(('efficientnet-b0', 'edge'), ('nvidia/segformer-b0-finetuned-ade-512-512', 'edge'))",[0. 1.]
1670263841.0717847,2.999837709193438,0.5549999999999999,2920.0,6.15807625290151e-05,3,"(('efficientnet-b4', 'cpu'), ('nvidia/segformer-b1-finetuned-ade-512-512', 'cpu'))",[0. 1.]
1670263844.669021,0.04864811498474121,0.54,2920.0,96.8835251022925,30,"(('efficientnet-b0', 'cpu'), ('nvidia/segformer-b1-finetuned-ade-512-512', 'edge'))",[0. 1.]
1670263875.246738,2.999912387900347,0.575,2922.0,5.9036880859166175e-05,21,"(('efficientnet-b4', 'cpu'), ('nvidia/segformer-b0-finetuned-ade-512-512', 'cpu'))",[0. 1.]
1670263905.0335844,2.9999899258631677,0.315,2923.0,9.916916741232916e-05,0,"(('efficientnet-b0', 'cpu'), ('nvidia/segformer-b0-finetuned-ade-512-512', 'cpu'))",[0. 1.]
1670263910.7760162,0.0097931,0.425,2923.0,98.01076729994345,7,"(('efficientnet-b0', 'gpu'), ('nvidia/segformer-b0-finetuned-ade-512-512', 'edge'))",[0. 1.]
1670263956.773458,2.9999104925533726,0.76,2926.0,4.0637677078081594e-05,3,"(('efficientnet-b4', 'cpu'), ('nvidia/segformer-b1-finetuned-ade-512-512', 'cpu'))",[0. 1.]
1670263962.6214604,0.17793422938728026,0.63,2926.0,92.24330156698555,28,"(('efficientnet-b4', 'gpu'), ('nvidia/segformer-b0-finetuned-ade-512-512', 'edge'))",[0. 1.]
1670263968.7996302,0.23771626,0.42,2926.0,92.67075681582148,27,"(('efficientnet-b4', 'cpu'), ('nvidia/segformer-b0-finetuned-ade-512-512', 'gpu'))",[0. 1.]
1670264009.7368307,2.9997393216248094,0.355,2928.0,9.128468517916764e-05,18,"(('efficientnet-b0', 'cpu'), ('nvidia/segformer-b1-finetuned-ade-512-512', 'cpu'))",[0. 1.]
1670264014.431176,0.00980014,0.4549999999999999,2928.0,97.88126985368442,30,"(('efficientnet-b0', 'cpu'), ('nvidia/segformer-b1-finetuned-ade-512-512', 'edge'))",[0. 1.]
1670264019.930722,0.00504315,0.445,2928.0,97.9796325604864,23,"(('efficientnet-b4', 'edge'), ('nvidia/segformer-b0-finetuned-ade-512-512', 'edge'))",[0. 1.]
1670264060.629346,0.00912362337,0.695,2931.0,96.62482556620058,29,"(('efficientnet-b4', 'edge'), ('nvidia/segformer-b1-finetuned-ade-512-512', 'cpu'))",[0. 1.]
1670264102.2878666,0.00553673506,0.55,2933.0,97.50148461197247,8,"(('efficientnet-b0', 'edge'), ('nvidia/segformer-b1-finetuned-ade-512-512', 'cpu'))",[0. 1.]
1670264143.2792933,0.00563323498,0.68,2935.0,96.77623886004683,8,"(('efficientnet-b0', 'edge'), ('nvidia/segformer-b1-finetuned-ade-512-512', 'cpu'))",[0. 1.]
1670264149.7858758,0.04607700915405273,0.35,2935.0,97.85256987203786,26,"(('efficientnet-b0', 'edge'), ('nvidia/segformer-b0-finetuned-ade-512-512', 'cpu'))",[1. 0.]
1670264156.397194,0.16999,0.55,2935.0,93.5578171381577,17,"(('efficientnet-b4', 'edge'), ('nvidia/segformer-b0-finetuned-ade-512-512', 'gpu'))",[1. 0.]
1670264219.3116698,0.34550678741870117,0.7849999999999999,2938.0,75.95114199321911,15,"(('efficientnet-b4', 'cpu'), ('nvidia/segformer-b1-finetuned-ade-512-512', 'edge'))",[1. 0.]
1670264282.3496666,0.232839465,0.685,2941.0,88.3231911935761,9,"(('efficientnet-b4', 'cpu'), ('nvidia/segformer-b1-finetuned-ade-512-512', 'gpu'))",[1. 0.]
1670264345.1710978,0.23771626,0.375,2944.0,93.15998606777089,27,"(('efficientnet-b4', 'cpu'), ('nvidia/segformer-b0-finetuned-ade-512-512', 'gpu'))",[1. 0.]
1670264351.8367114,0.10712957,0.315,2945.0,97.10885262308433,25,"(('efficientnet-b0', 'gpu'), ('nvidia/segformer-b1-finetuned-ade-512-512', 'edge'))",[1. 0.]
1670264358.1320486,0.052647884232177734,0.6950000000000001,2945.0,95.61050795325795,19,"(('efficientnet-b0', 'gpu'), ('nvidia/segformer-b1-finetuned-ade-512-512', 'gpu'))",[1. 0.]
1670264421.143035,2.9997782875543177,0.525,2948.0,6.38386116984606e-05,3,"(('efficientnet-b4', 'cpu'), ('nvidia/segformer-b1-finetuned-ade-512-512', 'cpu'))",[1. 0.]
1670264426.0256617,0.00565833,0.235,2948.0,98.63516977534957,32,"(('efficientnet-b0', 'edge'), ('nvidia/segformer-b0-finetuned-ade-512-512', 'gpu'))",[1. 0.]
1670264433.1567152,0.13280952,0.87,2948.0,90.4433868679342,4,"(('efficientnet-b4', 'gpu'), ('nvidia/segformer-b1-finetuned-ade-512-512', 'gpu'))",[1. 0.]
1670264438.2639449,0.1482677421496582,0.885,2948.0,89.32847544175257,5,"(('efficientnet-b4', 'edge'), ('nvidia/segformer-b1-finetuned-ade-512-512', 'edge'))",[1. 0.]
1670264445.128509,0.0066117,0.73,2949.0,96.38691354786691,11,"(('efficientnet-b4', 'edge'), ('nvidia/segformer-b0-finetuned-ade-512-512', 'cpu'))",[1. 0.]
1670264451.1053228,0.13309276,0.43,2949.0,95.79091152359652,28,"(('efficientnet-b4', 'gpu'), ('nvidia/segformer-b0-finetuned-ade-512-512', 'edge'))",[1. 0.]
1670264516.327979,2.9997458755483852,0.42,2952.0,7.849808824290591e-05,21,"(('efficientnet-b4', 'cpu'), ('nvidia/segformer-b0-finetuned-ade-512-512', 'cpu'))",[1. 0.]
1670264579.7923207,0.01035559,0.765,2955.0,96.03088735944783,15,"(('efficientnet-b4', 'cpu'), ('nvidia/segformer-b1-finetuned-ade-512-512', 'edge'))",[1. 0.]
1670264587.5164175,0.056773129990844724,0.755,2955.0,94.9195125748563,13,"(('efficientnet-b0', 'gpu'), ('nvidia/segformer-b1-finetuned-ade-512-512', 'cpu'))",[1. 0.]
1670264594.1577494,0.16236459726257324,0.625,2955.0,92.78466854747849,25,"(('efficientnet-b0', 'gpu'), ('nvidia/segformer-b1-finetuned-ade-512-512', 'edge'))",[1. 0.]
1670264600.571237,0.01249301,0.55,2956.0,97.34659296176088,15,"(('efficientnet-b4', 'cpu'), ('nvidia/segformer-b1-finetuned-ade-512-512', 'edge'))",[0. 1.]
1670264646.474435,0.00972211361,0.595,2958.0,97.14551756437882,29,"(('efficientnet-b4', 'edge'), ('nvidia/segformer-b1-finetuned-ade-512-512', 'cpu'))",[0. 1.]
1670264654.0558496,0.0101407766,0.4599999999999999,2958.0,97.80073206530831,10,"(('efficientnet-b4', 'gpu'), ('nvidia/segformer-b1-finetuned-ade-512-512', 'edge'))",[0. 1.]
1670264660.3202865,0.25177956,0.635,2958.0,88.02684552258071,19,"(('efficientnet-b0', 'gpu'), ('nvidia/segformer-b1-finetuned-ade-512-512', 'gpu'))",[0. 1.]
1670264672.236595,0.11478191379211426,0.35,2959.0,96.72670095065988,2,"(('efficientnet-b0', 'edge'), ('nvidia/segformer-b0-finetuned-ade-512-512', 'edge'))",[0. 1.]
1670264703.013214,0.06481236610473633,0.37,2959.0,97.45660751041473,12,"(('efficientnet-b0', 'cpu'), ('nvidia/segformer-b0-finetuned-ade-512-512', 'edge'))",[0. 1.]
1670264759.7220466,0.44368100157666013,0.405,2961.0,78.59960793730255,0,"(('efficientnet-b0', 'cpu'), ('nvidia/segformer-b0-finetuned-ade-512-512', 'cpu'))",[0. 1.]
1670264792.0765977,0.052111978963623046,0.4549999999999999,2963.0,97.20402836180033,11,"(('efficientnet-b4', 'edge'), ('nvidia/segformer-b0-finetuned-ade-512-512', 'cpu'))",[0. 1.]
1670264839.8687558,0.169508934,0.58,2965.0,93.03780821057448,34,"(('efficientnet-b4', 'gpu'), ('nvidia/segformer-b1-finetuned-ade-512-512', 'cpu'))",[0. 1.]
1670264844.9132905,0.19536477,0.29,2965.0,95.33529986494787,17,"(('efficientnet-b4', 'edge'), ('nvidia/segformer-b0-finetuned-ade-512-512', 'gpu'))",[0. 1.]
1670264851.0124798,0.20898062,0.535,2966.0,92.01812286948558,17,"(('efficientnet-b4', 'edge'), ('nvidia/segformer-b0-finetuned-ade-512-512', 'gpu'))",[0. 1.]
1670264882.0950177,0.19377053,0.395,2966.0,94.35381959476368,6,"(('efficientnet-b0', 'cpu'), ('nvidia/segformer-b0-finetuned-ade-512-512', 'gpu'))",[0. 1.]
1670264912.3768845,0.198293746,0.425,2967.0,93.86624437313205,27,"(('efficientnet-b4', 'cpu'), ('nvidia/segformer-b0-finetuned-ade-512-512', 'gpu'))",[0. 1.]
1670264943.1076512,0.01051795,0.3399999999999999,2967.0,98.24452213451048,25,"(('efficientnet-b0', 'gpu'), ('nvidia/segformer-b1-finetuned-ade-512-512', 'edge'))",[0. 1.]
1670264973.422407,0.14434588056030273,0.555,2968.0,94.2181069689408,6,"(('efficientnet-b0', 'cpu'), ('nvidia/segformer-b0-finetuned-ade-512-512', 'gpu'))",[0. 1.]
1670265028.529799,0.05414701,0.615,2970.0,96.12213668974417,31,"(('efficientnet-b0', 'gpu'), ('nvidia/segformer-b0-finetuned-ade-512-512', 'cpu'))",[0. 1.]
1670265048.118011,0.5,0.655,89.87492683,90.51930042611131,16,"(('efficientnet-b4', 'gpu'), ('nvidia/segformer-b0-finetuned-ade-512-512', 'cpu'))",[0.5 0.5]
1670265059.946284,0.00599444,0.54,2971.0,97.46272959800096,8,"(('efficientnet-b0', 'edge'), ('nvidia/segformer-b1-finetuned-ade-512-512', 'cpu'))",[1. 0.]
1670265090.9697945,0.20237821764404296,0.2249999999999999,2972.0,95.68601034327693,1,"(('efficientnet-b0', 'gpu'), ('nvidia/segformer-b0-finetuned-ade-512-512', 'gpu'))",[1. 0.]
1670265145.5067792,0.2188465,0.545,2973.0,91.36887237472833,24,"(('efficientnet-b0', 'cpu'), ('nvidia/segformer-b1-finetuned-ade-512-512', 'gpu'))",[1. 0.]
1670265218.464568,0.232839465,0.73,2977.0,87.01283014455429,9,"(('efficientnet-b4', 'cpu'), ('nvidia/segformer-b1-finetuned-ade-512-512', 'gpu'))",[1. 0.]
1670265225.750655,0.06621414,0.515,2977.0,96.55052897618658,25,"(('efficientnet-b0', 'gpu'), ('nvidia/segformer-b1-finetuned-ade-512-512', 'edge'))",[1. 0.]
1670265231.8290715,0.00552356,0.485,2977.0,97.71566978653658,26,"(('efficientnet-b0', 'edge'), ('nvidia/segformer-b0-finetuned-ade-512-512', 'cpu'))",[1. 0.]
1670265244.590124,0.15232205,0.52,2977.0,94.29560759895602,28,"(('efficientnet-b4', 'gpu'), ('nvidia/segformer-b0-finetuned-ade-512-512', 'edge'))",[1. 0.]
1670265340.0670302,2.9997548830570744,0.61,2981.0,5.234220874219714e-05,3,"(('efficientnet-b4', 'cpu'), ('nvidia/segformer-b1-finetuned-ade-512-512', 'cpu'))",[1. 0.]
1670265346.7408378,0.0038211,0.745,2981.0,96.24108348183283,5,"(('efficientnet-b4', 'edge'), ('nvidia/segformer-b1-finetuned-ade-512-512', 'edge'))",[1. 0.]
1670265376.3294184,0.11619716459716797,0.3,2983.0,96.94312127162982,6,"(('efficientnet-b0', 'cpu'), ('nvidia/segformer-b0-finetuned-ade-512-512', 'gpu'))",[1. 0.]
1670265381.7810907,0.15802503,0.575,2983.0,93.43652943417969,34,"(('efficientnet-b4', 'gpu'), ('nvidia/segformer-b1-finetuned-ade-512-512', 'cpu'))",[1. 0.]
1670265393.938382,0.00552815,0.285,2983.0,98.4491609012639,32,"(('efficientnet-b0', 'edge'), ('nvidia/segformer-b0-finetuned-ade-512-512', 'gpu'))",[1. 0.]
1670265424.5613942,0.0039916,0.49,2984.0,97.70022793961934,23,"(('efficientnet-b4', 'edge'), ('nvidia/segformer-b0-finetuned-ade-512-512', 'edge'))",[1. 0.]
1670265455.293873,0.158059324029541,0.88,2984.0,88.54097219973703,34,"(('efficientnet-b4', 'gpu'), ('nvidia/segformer-b1-finetuned-ade-512-512', 'cpu'))",[1. 0.]
1670265487.0938263,0.00816709,0.46,2985.0,97.7755641835938,11,"(('efficientnet-b4', 'edge'), ('nvidia/segformer-b0-finetuned-ade-512-512', 'cpu'))",[1. 0.]
1670265540.1330483,2.999742045922175,0.575,2987.0,5.58496183791733e-05,0,"(('efficientnet-b0', 'cpu'), ('nvidia/segformer-b0-finetuned-ade-512-512', 'cpu'))",[1. 0.]
1670265558.5243511,0.00461364,0.27,2988.0,98.49599357776424,26,"(('efficientnet-b0', 'edge'), ('nvidia/segformer-b0-finetuned-ade-512-512', 'cpu'))",[0.5 0.5]
1670265576.9062955,0.04623579593811035,0.145,2988.0,98.49638915196813,2,"(('efficientnet-b0', 'edge'), ('nvidia/segformer-b0-finetuned-ade-512-512', 'edge'))",[0. 1.]
1670265608.3221536,0.0106646419,0.4599999999999999,2988.0,97.73697464159513,10,"(('efficientnet-b4', 'gpu'), ('nvidia/segformer-b1-finetuned-ade-512-512', 'edge'))",[0. 1.]
1670265680.1454682,0.1919286866796875,0.55,2991.0,92.38176152714061,18,"(('efficientnet-b0', 'cpu'), ('nvidia/segformer-b1-finetuned-ade-512-512', 'cpu'))",[0. 1.]
1670265688.315483,0.173847973,0.4049999999999999,2991.0,94.75425104806442,17,"(('efficientnet-b4', 'edge'), ('nvidia/segformer-b0-finetuned-ade-512-512', 'gpu'))",[0. 1.]
1670265695.9212732,0.265083075,0.525,2992.0,89.14451666278478,9,"(('efficientnet-b4', 'cpu'), ('nvidia/segformer-b1-finetuned-ade-512-512', 'gpu'))",[0. 1.]
1670265725.6834798,0.0105873346,0.565,2992.0,97.21469079868422,12,"(('efficientnet-b0', 'cpu'), ('nvidia/segformer-b0-finetuned-ade-512-512', 'edge'))",[0. 1.]
1670265756.079291,0.20018922799987793,0.36,2993.0,94.3963382955506,32,"(('efficientnet-b0', 'edge'), ('nvidia/segformer-b0-finetuned-ade-512-512', 'gpu'))",[0. 1.]
1670265786.7879217,0.179656029,0.5449999999999999,2994.0,92.93279581388914,27,"(('efficientnet-b4', 'cpu'), ('nvidia/segformer-b0-finetuned-ade-512-512', 'gpu'))",[0. 1.]
1670265861.8048174,2.999870570528472,0.98,2997.0,2.461106663780669e-05,3,"(('efficientnet-b4', 'cpu'), ('nvidia/segformer-b1-finetuned-ade-512-512', 'cpu'))",[0. 1.]
